,Unnamed: 0,술 이름,텍스트 내용,output,output2
0,0,고도리 복숭아 와인,"GAP인증 복숭아로 만든 디저트 와인
복숭아의 당도가 가장 높은 8월 말에 수확하여 별도의 당을 첨가하지 안히고 순수 발효한 와인이며 복숭아를 발효하여 끝에서 느껴지는 복숭아의 부드럽고 향긋한 맛과 향이 특징입니다
고도리 복숭아와인은 복숭아를 8월 말 가장 당이 높고 향기가 무르익었을 때 수확하여 -10도에서 20일간 냉동 숙성시켜, 당이 35BX되었을때 파쇄 후 발효시켜 만든 복숭아 아이스 와인입니다. 풍부한 복숭아 향을 담고 있어 더위의 갈증을 시원하게 해소시켜 줍니다.
고도리 복숭아와인은 미디엄 스위트 와인으로 풍부한 산과 복숭아의 아로마 향으로 생선 요리나 흰 살코기 닭과 오리를 이용한 요리와 잘 어울립니다.","[['복숭아', 10], ['와인', 6], ['발효', 3], ['수확', 2], ['고도리', 2], ['풍부', 2], ['요리', 2], ['GAP', 1], ['인증', 1], ['디저트', 1], ['당도', 1], ['별도', 1], ['첨가', 1], ['순수', 1], ['향긋', 1], ['특징', 1], ['향기', 1], ['10', 1], ['20', 1], ['냉동', 1], ['숙성', 1], ['35', 1], ['BX', 1], ['파쇄', 1], ['아이스', 1], ['더위', 1], ['갈증', 1], ['시원', 1], ['해소', 1], ['미디엄', 1], ['스위트', 1], ['아로마', 1], ['생선', 1], ['살코기', 1], ['오리', 1], ['이용', 1]]","[('복숭아', 10), ('와인', 6), ('높', 2), ('8월', 2), ('고도리', 2), ('풍부', 2), ('인증', 1), ('디저트', 1), ('순수', 1), ('부드럽', 1), ('향긋', 1), ('BX', 1), ('파쇄', 1), ('아이스', 1), ('시원', 1), ('미디엄', 1), ('아', 1), ('로마', 1), ('생선', 1), ('희', 1), ('코기', 1), ('이용한', 1)]"
1,1,고도리 화이트,"GAP인증 거봉 포도로 만든 신의 물방울
포도의 당도가 가장 높은 10월 말에 수확하여 별도의 당을
첨가하지 않고 순수 발효한 와인으로 풍부한 산미와 달콤한 과일향을
발산하고 아로마틱한 부케향이 풍부한 화이트 스위트 와인입니다.
영전 시 나에서 6km 떨어진 고도리에서 전통 와인 떼루아에 맞는 농법을 사용하 GAP 인증을 받아 성산.수확.포장단계까지 철저한 관
리를 통하 생산한 포도로 우리나라 최고의 와인을 생산하고 있습니다.
고도리 화이트 와인은 거봉 포도를 10결 말 가장 당도가 올랐을 때 수확하여 당을 첨가하지 않고 발효한 와인입니다. 풍부한 산과 달큼
한 과일향을 법니다. 저온에서 6개결 이상 2차 숙성을 거치면서 주석산을 제거하며 젖산 발효로 아로마틱한 부케향을 탭니다.
고도리 화이트와인온 달큼한 과일향과 함께 식빵향과 레몬향. 상큼한 불잎향을 가지고 있어 오리고기와 담고기. 싱싱한 해산물 요리에
살 어울립니다.","[['와인', 6], ['포도', 4], ['수확', 3], ['발효', 3], ['풍부', 3], ['일향', 3], ['화이트', 3], ['고도리', 3], ['GAP', 2], ['인증', 2], ['거봉', 2], ['당도', 2], ['10', 2], ['첨가', 2], ['아로마', 2], ['부케', 2], ['생산', 2], ['달큼', 2], ['물방울', 1], ['별도', 1], ['순수', 1], ['산미', 1], ['달콤', 1], ['발산', 1], ['스위트', 1], ['영전', 1], ['km', 1], ['전통', 1], ['루아', 1], ['농법', 1], ['사용', 1], ['성산', 1], ['포장', 1], ['단계', 1], ['철저', 1], ['통하', 1], ['우리나라', 1], ['최고', 1], ['저온', 1], ['개결', 1], ['이상', 1], ['숙성', 1], ['주석산', 1], ['제거', 1], ['젖산', 1], ['인온', 1], ['식빵', 1], ['레몬', 1], ['상큼', 1], ['오리고기', 1], ['싱싱', 1], ['해산물', 1], ['요리', 1]]","[('와인', 7), ('포도', 3), ('풍부', 3), ('화이트', 3), ('고도리', 3), ('인증', 2), ('아', 2), ('로마', 2), ('부케', 2), ('크', 2), ('신의 물방울', 1), ('높', 1), ('10월', 1), ('순수', 1), ('미와', 1), ('달콤', 1), ('영전', 1), ('떼루아', 1), ('성산', 1), ('수확', 1), ('포장', 1), ('철저', 1), ('우리나라', 1), ('온', 1), ('숙성', 1), ('석산', 1), ('발효', 1), ('태', 1), ('일향', 1), ('식빵', 1), ('레몬', 1), ('상큼', 1), ('오리고기', 1), ('고기', 1), ('싱싱', 1), ('해산물', 1)]"
2,2,매실원주,"황매실로 담근 100% 매실주

국내 유일 기타 과실주를 첨가하지 않고 매실주 원액 100%로 담근 매실주입니다.



완숙한 상태에서 수확되는 황매실를 특허 받은 제조 기술로 담가 매실 본연의 향미를 더하였습니다.



전통 제조방법으로 설탕 대신 제주도 꿀을 가미하여 완벽한 조화를 이룹니다.



세계 3대 주류 품평회 및 우리술 품평회에서 수상을 하여 그 품질을 인정받았습니다.","[['매실', 3], ['매실주', 3], ['100', 2], ['제조', 2], ['품평회', 2], ['국내', 1], ['유일', 1], ['기타', 1], ['과실주', 1], ['첨가', 1], ['원액', 1], ['완숙', 1], ['상태', 1], ['수확', 1], ['특허', 1], ['기술', 1], ['본연', 1], ['향미', 1], ['전통', 1], ['방법', 1], ['설탕', 1], ['대신', 1], ['제주도', 1], ['가미', 1], ['완벽', 1], ['조화', 1], ['세계', 1], ['주류', 1], ['우리', 1], ['수상', 1], ['품질', 1]]","[('매실주', 3), ('황', 2), ('과실주', 1), ('특허', 1), ('미', 1), ('설탕', 1), ('제주도', 1), ('주류', 1)]"
3,3,엠,"화사한 메밀향과 스파이시한 목넘김
반전매력 가득 메밀 증류주

프레시하고 화사한 메밀 향을 가득담아
마시기 좋은 24도 정통 증류주
정통 증류주 M은 쌀과 메밀, 국으로 만들어진 정통 증류주로
메밀 특유의 향과 넘김이 매력적입니다
시원한 술맛과 따뜻하고 스파이시한 목 넘김이 반전 매력으로
온 몸의 열기가 진한 여운을 주는 특별한 술입니다.","[['메밀', 5], ['증류주', 4], ['넘김', 3], ['매력', 3], ['정통', 3], ['화사', 2], ['스파이', 2], ['반전', 2], ['프레시', 1], ['24', 1], ['특유', 1], ['시원', 1], ['술맛', 1], ['따뜻', 1], ['열기', 1], ['여운', 1], ['특별', 1]]","[('메밀', 5), ('증류주', 4), ('정통', 3), ('화사', 2), ('스파이', 2), ('반전', 2), ('매력', 2), ('마시기', 1), ('좋', 1), ('24', 1), ('시원', 1), ('따뜻', 1), ('진한', 1), ('여운', 1), ('특별', 1)]"
4,4,술예쁘다,홍국쌀 특유의 과일향과 새콤달콤함이 인상적인 삼양주 탁주,"[['홍국', 1], ['특유', 1], ['일향', 1], ['새콤달콤', 1], ['인상', 1], ['양주', 1], ['탁주', 1]]","[('홍국', 1), ('일향', 1), ('양주', 1)]"
5,5,헤라클레스,"헤라클레스 생 막걸리는 인공감미료를 사용하지 않은 밀입국에 국내산 쌀에 좋은 재료를 더하여 3단 발효 기법으로 한 단계 발전시켜 만든 대한민국 최초의 진정한 기능성 프리미엄 생 막걸리라 할 수 있습니다.
주질은 인공감미료 없이 쌀 본연의 진하고 깊은 묵직한 풍미를 지니고, 제품은 프리미엄! 가격은 중저가!
맛은 담백하며 부드럽고 시간이 지날수록 탄산과 산미가 더 해집니다.
코로나로 힘든 시기에 국민들에게 조금이나마 힘이 되고자 좋은 약재를 사용해서 건강함을 더 하고자 노력했습니다.","[['막걸리', 2], ['인공감미료', 2], ['사용', 2], ['프리미엄', 2], ['헤라클레스', 1], ['밀입국', 1], ['국내', 1], ['재료', 1], ['발효', 1], ['기법', 1], ['단계', 1], ['발전', 1], ['대한민국', 1], ['최초', 1], ['진정', 1], ['기능', 1], ['본연', 1], ['묵직', 1], ['풍미', 1], ['제품', 1], ['가격', 1], ['중저가', 1], ['담백', 1], ['시간', 1], ['탄산', 1], ['산미', 1], ['코로나', 1], ['시기', 1], ['국민', 1], ['조금', 1], ['약재', 1], ['건강', 1], ['노력', 1]]","[('막걸리', 2), ('인공', 2), ('감미료', 2), ('좋', 2), ('프리미엄', 2), ('헤라클레스', 1), ('단', 1), ('발효', 1), ('대한민국', 1), ('진정', 1), ('진하', 1), ('깊', 1), ('묵직', 1), ('담백', 1), ('부드럽', 1), ('탄산', 1), ('코로나', 1), ('힘들', 1)]"
6,6,용50,"향기 뿜는 용,
부드럽게 넘어가는 본연의 깔끔함

가장 술 맛이 좋은 50도
거부감 없는 부드러운 목 넘김
향긋한 향기가 매력 적인 증류주
깔끔하고 화한 기 분좋은 느낌","[['향기', 2], ['깔끔', 2], ['본연', 1], ['50', 1], ['거부', 1], ['넘김', 1], ['향긋', 1], ['매력', 1], ['증류주', 1], ['느낌', 1]]","[('부드럽', 2), ('깔끔', 2), ('좋', 2), ('50', 1), ('없', 1), ('향긋', 1), ('매력', 1), ('증류주', 1)]"
7,7,너브내 애플 스파클링 라이트,"향긋한 홍천 사과의 향과 살구 향이 어우러진 아로마가 매력적이며, 톡 쏘는 천연 탄산과 달콤함, 풍부한 산미가 함께 어우러져 입맛을 돋궈주는 가벼운 식전주로 추천합니다","[['향긋', 1], ['홍천', 1], ['사과', 1], ['살구', 1], ['아로마', 1], ['매력', 1], ['천연', 1], ['탄산', 1], ['달콤', 1], ['풍부', 1], ['산미', 1], ['입맛', 1], ['식전', 1], ['추천', 1]]","[('향긋', 1), ('홍', 1), ('천', 1), ('사과', 1), ('아로', 1), ('마가', 1), ('탄산', 1), ('달콤', 1), ('풍부', 1), ('가볍', 1), ('전주', 1)]"
8,8,호호,"항아리에서 100일동안
저온 발효 숙성하는
단호박 막걸리입니다.

밑술은 구멍떡, 덧술은 찹쌀 고두밥에 단호박을 넣어
빚은 술로, 저온에서 100일동안 발효, 숙성시킵니다.

단호박죽처럼 부드러운
질감에 오렌지 케이크를
먹는 듯, 많이 달지 않고
산뜻한, 반전매력이 있는
술입니다.
디캔팅해서 즐기면 더
풍부한 맛과 향을
느낄 수 있습니다.

2022년 대한민국 주류대상,탁주부문 '대상' 호호.
술 읽는 아나운서 김하은과 충북무형문화재 청명주
제조21능보유자 김영섭 명인이 함께 연구 개발한
단호박 막걸리 '호호'
이름처럼, 여러분이 항상 행복하기를 바라는 마음을 담았습니다.

안주 없이 즐기기에도 좋고 간단한 치즈, 행 안주와 잘 이울려,
홈파티나 피크닉 술로 추천드립니다. 한국 농산물을 사용해
빚은 술로써 반주로 한 잔, 식사에 곁들여도 좋습니다.","[['단호박', 3], ['100', 2], ['동안', 2], ['저온', 2], ['발효', 2], ['숙성', 2], ['막걸리', 2], ['대상', 2], ['호호', 2], ['안주', 2], ['항아리', 1], ['밑술', 1], ['구멍', 1], ['찹쌀', 1], ['고두밥', 1], ['호박죽', 1], ['질감', 1], ['오렌지', 1], ['케이크', 1], ['산뜻', 1], ['반전', 1], ['매력', 1], ['풍부', 1], ['2022', 1], ['대한민국', 1], ['주류', 1], ['탁주', 1], ['부문', 1], ['아나운서', 1], ['김하은', 1], ['충북', 1], ['무형문화재', 1], ['청명주', 1], ['제조', 1], ['21', 1], ['보유자', 1], ['김영섭', 1], ['명인', 1], ['연구', 1], ['개발', 1], ['이름', 1], ['여러분', 1], ['행복', 1], ['마음', 1], ['간단', 1], ['치즈', 1], ['홈파티', 1], ['피크닉', 1], ['추천', 1], ['한국', 1], ['농산물', 1], ['사용', 1], ['반주', 1], ['식사', 1]]","[('호박', 3), ('동안', 2), ('발효', 2), ('막걸리', 2), ('대상', 2), ('안주', 2), ('좋', 2), ('항아리', 1), ('구멍', 1), ('찹쌀', 1), ('온', 1), ('호박죽', 1), ('부드럽', 1), ('질감', 1), ('오렌지', 1), ('케이크', 1), ('산뜻', 1), ('반전', 1), ('매력', 1), ('풍부', 1), ('대한민국', 1), ('주류', 1), ('탁', 1), ('주부', 1), ('문', 1), ('아나운서', 1), ('김하은', 1), ('충북', 1), ('무형문화재', 1), ('청명', 1), ('주', 1), ('김영섭', 1), ('명인', 1), ('간단', 1), ('치즈', 1), ('홈파티', 1), ('피크닉', 1), ('한국', 1), ('반주', 1)]"
9,9,참주가 라봉,"한라봉을 듬뿍 갈아넣은 수제 프리미엄 막걸리 산뜻함으로
시작해서 기분좋은 맛과 함께 깔끔하게 마무리 되는 젊은
감성에 맞춘 막걸리

막걸리가 건강에 유익할까요?
막걸리는 식이성유가 풍부하며 몸에 유익한 유산균 덩어리입니다. 하지만 막걸리도 술의 한
종류임이 분명한데, 과연 건강에 유익할까요?
과하지 않게만 마신다면 어떤 술보다 건강에 이로울 수 있습니다.
막걸리의 성분을 보면 물이 80%입니다.20% 중에서 알코올 5~8%, 단백질 2%, 탄수화물
0.8%, 지방0.1%, 나머지 100/亡 식이성유, 비타민B• C와 유산균, 효모 등이 혼합된 물질 바
로 이것이 영양의 보고이다. 와인이 알코올 • 물(95~99%)을 제외하면 약 1~5%만이 몸에 좋
은 무기질인 것에 비해 막걸리의 영양이 양적으로도 훨씬 우위입니다. 막걸리 한 병에는 700
억~800억 개의 유산균을 함유, 일반 유구르트65m2짜리 100~120병 정도와 맞먹습니다, 유산
균은 장에서 염증이나 암을 일으키는 유해 세균을 파괴하고 면역력을 강화합니다. 또한 막걸
리는 비타민B가 풍부합니다. 막걸리 200m2(4분의3 사발)에는 비타민 B기리보플라빈)이 약
68gg, 콜린(비타민 B군 복합체)이 약 44%, 아이아신(비타민B3)이 50니g 들어있습니다. 비타민
B군은 특히 중년 남성들에게 도움이 되는 영양소로, 피로완화와 피부재생, 시력 증진효과가
있습니다. 막걸리 한 사발에는 이른바 식이음료와 같은 양과 비교해도 100~1000배 이상 많
은 식이성유가 들어있습니다. 식이성유는 대장 운동을 활발하게 해 변비를 예방하는 것은 물
론 심혈관 질환 예방효과도 있습니다.","[['막걸리', 10], ['비타민', 6], ['%,', 5], ['식이', 4], ['성유', 4], ['건강', 3], ['유익', 3], ['유산균', 3], ['100', 3], ['풍부', 2], ['알코올', 2], ['영양', 2], ['사발', 2], ['효과', 2], ['예방', 2], ['한라', 1], ['수제', 1], ['프리미엄', 1], ['산뜻', 1], ['시작', 1], ['기분', 1], ['깔끔', 1], ['마무리', 1], ['감성', 1], ['덩어리', 1], ['종류', 1], ['성분', 1], ['80', 1], ['20', 1], ['단백질', 1], ['탄수화물', 1], ['지방', 1], ['나머지', 1], ['亡', 1], ['효모', 1], ['혼합', 1], ['물질', 1], ['이것', 1], ['보고', 1], ['와인', 1], ['95', 1], ['99', 1], ['%)', 1], ['제외', 1], ['무기질', 1], ['우위', 1], ['700', 1], ['800', 1], ['함유', 1], ['일반', 1], ['유구', 1], ['65', 1], ['짜리', 1], ['120', 1], ['정도', 1], ['유산', 1], ['염증', 1], ['유해', 1], ['세균', 1], ['파괴', 1], ['면역력', 1], ['강화', 1], ['200', 1], ['리보', 1], ['플라', 1], ['68', 1], ['gg', 1], ['콜린', 1], ['복합체', 1], ['44', 1], ['아이', 1], ['아신', 1], ['50', 1], ['중년', 1], ['남성', 1], ['도움', 1], ['영양소', 1], ['피로', 1], ['완화', 1], ['피부', 1], ['재생', 1], ['시력', 1], ['증진', 1], ['음료', 1], ['비교', 1], ['1000', 1], ['이상', 1], ['대장', 1], ['운동', 1], ['활발', 1], ['변비', 1], ['혈관', 1], ['질환', 1]]","[('막걸리', 10), ('비타민', 6), ('유산', 4), ('유익', 3), ('이성', 2), ('유가', 2), ('풍부', 2), ('알코올', 2), ('성유', 2), ('영양', 2), ('은', 2), ('사발', 2), ('프리미엄', 1), ('산뜻', 1), ('좋', 1), ('깔끔', 1), ('젊', 1), ('감성', 1), ('분명', 1), ('이롭', 1), ('단백질', 1), ('탄수화물', 1), ('0.1', 1), ('효모', 1), ('와인', 1), ('만', 1), ('무기질', 1), ('염증', 1), ('세균', 1), ('콜린', 1), ('아신', 1), ('중년', 1), ('영양소', 1), ('피로', 1), ('피부', 1), ('재생', 1), ('시력', 1), ('음료', 1), ('같', 1), ('배', 1), ('대장', 1), ('활발', 1), ('변비', 1)]"
10,10,문희 탁주,"프리미엄 탁주인 문희는 문경주조가 위치한 문경의 옛 이름인 '문희'에서 따온 술로 기쁜 소식을 전한다는 의미를 담고 있다. 모든 술 빚는 과정 하나하나를 손으로 직접 하고 있는 '수제전통주'로, 힘겨운 육체노동 뒤 황토 벽돌로 지은 황토 방에서 100일 이상 자연 건조로 숙성시키는 기다림 끝에서야 비로소 진짜배기 탁주를 얻을 수 있다.

'문희'는 재료를 세 번에 담는 전통 삼양주 기법으로 90일에서 100일간을 숙성시켜 빚고 있다. 인공 감미료를 전혀 쓰지 않고 유기농 햇 찹쌀과 전통누룩 그리고 천연 암반수로만 빚어 숙취가 없고 풍미가 상당히 뛰어난 탁주다.

서양와인보다 진하게 감동을 느끼며 우리 정서에 와 닿은 멋진 우리의 전통술로 식전, 식후주로 제격이다. 단맛이 입안에서 묵직하게 느껴지지만 마시고 나면 깔끔하게 가신다.

주종: 탁주
용량: 500ml
도수: 13%
원재료: 유기농 햇찹쌀, 우리밀 전통누룩

문희 맛과 어울리는 음식

찹쌀에서 나오는 진한 단맛과 감칠맛이 특징이며, 전통 누룩의 사용으로 연한 아이보리 색이 특징이며, 단맛이 있지만 무겁게 느껴지지 않고 목넘김이 깔끔하다. 도토리 묵과 잘 어울린다. ","[['탁주', 4], ['문희', 4], ['전통', 4], ['찹쌀', 3], ['누룩', 3], ['우리', 3], ['단맛', 3], ['문경', 2], ['황토', 2], ['100', 2], ['숙성', 2], ['유기농', 2], ['깔끔', 2], ['특징', 2], ['프리미엄', 1], ['주조', 1], ['위치', 1], ['이름', 1], ['소식', 1], ['의미', 1], ['과정', 1], ['하나하나', 1], ['수제전통주', 1], ['육체', 1], ['노동', 1], ['벽돌', 1], ['이상', 1], ['자연', 1], ['건조로', 1], ['다림', 1], ['진짜배기', 1], ['재료', 1], ['양주', 1], ['기법', 1], ['90', 1], ['인공', 1], ['감미료', 1], ['암반', 1], ['숙취', 1], ['풍미', 1], ['서양', 1], ['와인', 1], ['감동', 1], ['정서', 1], ['전통술', 1], ['식전', 1], ['식후', 1], ['제격', 1], ['묵직', 1], ['주종', 1], ['용량', 1], ['500', 1], ['ml', 1], ['13', 1], ['원재료', 1], ['음식', 1], ['감칠맛', 1], ['사용', 1], ['아이보리', 1], ['넘김', 1], ['도토리', 1]]",[]
11,11,이동 생 밀막걸리,"포천은 군사지역인 탓에 군인들이 거주하는 경우가 많았는데,
이들은 제대한 후에도 이동막걸리를 잊지 못해 찾아옵니다.
맛 하나로 전국으로 입소문 난 포천 명물 이동막걸리","[['포천', 2], ['막걸리', 2], ['군사', 1], ['지역', 1], ['군인', 1], ['거주', 1], ['경우', 1], ['제대', 1], ['이동', 1], ['하나', 1], ['전국', 1], ['입소문', 1], ['명물', 1]]","[('포천', 2), ('이동', 2), ('막걸리', 2), ('많', 1), ('하나로', 1), ('소문', 1)]"
12,12,천비향 약주,탁주의 맑은 부분만을 여과하여 1년이상 장기숙성한 프리미엄 오양주 약주,"[['탁주', 1], ['부분', 1], ['여과', 1], ['이상', 1], ['장기', 1], ['숙성', 1], ['프리미엄', 1], ['양주', 1], ['약주', 1]]","[('맑', 1), ('1년', 1), ('이상', 1), ('장기', 1), ('숙성', 1), ('한', 1), ('프리미엄', 1), ('양주', 1)]"
13,13,송로주,"충청북도 시도무형문화재 제3호
소나무의 관솔을 넣어 빚은 향토술
솔잎과 복령(茯?)이 첨가
소나무의 관솔을 넣어 빚은 충청북도 보은 지방의 향토술로,
관솔 특유의 향과 알싸한 맛을 가지고 있다.
충청북도 보은 지방의 향토술로 소나무의 관솔을 주재료로 하여 빚은 청주인
송절주를 소주로 증류하여 만든 술이다.
이때 관솔은 송진이 엉긴 소나무의 가지나 옹이를 가리킨다.","[['관솔', 5], ['소나무', 4], ['충청북도', 3], ['향토', 3], ['지방', 2], ['시도', 1], ['무형문화재', 1], ['솔잎', 1], ['복령', 1], ['茯', 1], ['첨가', 1], ['특유', 1], ['알싸', 1], ['주재료', 1], ['청주', 1], ['송절주', 1], ['소주', 1], ['증류', 1], ['이때', 1], ['송진', 1], ['가지', 1], ['옹이', 1]]","[('소나무', 4), ('충청북도', 3), ('시도', 1), ('무형문화재', 1), ('복령', 1), ('청주', 1), ('송', 1), ('소주', 1), ('송진', 1)]"
14,14,너브내 화이트 스위트,청향'청포도로 만든 와인으로 새콤달콤 밸런스가 좋으며 천연의 과일향이 풍부합니다. 산뜻하게 입안을 감도는 풍부한 머스캣 향의 여운이 특징으로 웰컴드링크 또는 식전주로 추천드립니다,"[['풍부', 2], ['청향', 1], ['청포도', 1], ['와인', 1], ['새콤달콤', 1], ['밸런스', 1], ['천연', 1], ['일향', 1], ['산뜻', 1], ['입안', 1], ['머스캣', 1], ['여운', 1], ['특징', 1], ['웰컴', 1], ['드링크', 1], ['식전', 1], ['추천', 1]]","[('풍부', 2), ('청포도', 1), ('와인', 1), ('밸런스', 1), ('좋', 1), ('산뜻', 1), ('머스캣', 1), ('여운', 1), ('전주', 1)]"
15,15,고백주,"청정지역 안동에서 재배한 자색고구마와 안동농협0
계약 재배한 고품질의 '백진주쌀로 빛어 부드럽고
깨끗한 약주입니다. '저온 숙성을 거친 13도 주로
위에 부담이 적어 부드럽게 넘어가는 타입이며.
분홍색을 띄는 자색고구마의 맛과 향이 은은하게
살아있어 시각적인 매력 또한 느낄 수 있어 여성
이나 젊은 층이 부담 없이 즐길수 있습니다.
안토시아닌이 풍부해 노화 방지에 효능이 있는
자색 고구마의 맛과 향이 은은하게 살아있으며
투명한 자주빛을 띄어 시각적인 아름다움도
선사합니다.","[['자색', 3], ['고구마', 3], ['안동', 2], ['재배', 2], ['부담', 2], ['은은', 2], ['시각', 2], ['청정', 1], ['지역', 1], ['농협', 1], ['계약', 1], ['고품질', 1], ['백진주', 1], ['깨끗', 1], ['약주', 1], ['저온', 1], ['숙성', 1], ['13', 1], ['타입', 1], ['분홍색', 1], ['매력', 1], ['여성', 1], ['안토시아닌', 1], ['풍부', 1], ['노화', 1], ['방지', 1], ['효능', 1], ['투명', 1], ['선사', 1]]","[('고구마', 3), ('안동', 2), ('부드럽', 2), ('은은', 2), ('청정', 1), ('지역', 1), ('농협', 1), ('품질', 1), ('진주', 1), ('깨끗', 1), ('숙성', 1), ('13', 1), ('적', 1), ('매력', 1), ('이나', 1), ('젊', 1), ('안토시아닌', 1), ('풍부', 1), ('노화', 1), ('아름답', 1)]"
16,16,청명주 탁주,"청명(淸明)은 24절기의 하나로 동지 후 105일 째,
춘분에서 15일 째,
음력 3월이며 양력으로는 4월 5일 또는 6일 무렵에 해당한다.
청명주는 청명절(淸明節)에 담그는 술이다.
大주(春酒)라고도 한다.

청명주는
인공감미료가 전혀 없이
100% 국내산 찹쌀과
누룩만을 사용하여
전통방식으로 빚습니다.

청명주는 저온에서
오랜 기간 발효 숙성시켜
과일향이 풍부하고
산미가 좋으며 숙취가
없는 것이 특징입니다.

청명주는 차갑게 드시면
더욱 향긋한 맛을
느낄 수 있습니다.
식전주, 담백한 해산물
요리, 봉골레파스타,
알리오올리오 파스타 등
다양한 음식과
페어링 하기 좋습니다.","[['청명주', 4], ['淸明', 2], ['파스타', 2], ['청명', 1], ['24', 1], ['절기', 1], ['하나', 1], ['동지', 1], ['105', 1], ['춘분', 1], ['15', 1], ['음력', 1], ['양력', 1], ['무렵', 1], ['해당', 1], ['청명절', 1], ['節', 1], ['大', 1], ['春酒', 1], ['인공감미료', 1], ['100', 1], ['국내', 1], ['찹쌀', 1], ['누룩', 1], ['사용', 1], ['전통', 1], ['방식', 1], ['저온', 1], ['기간', 1], ['발효', 1], ['숙성', 1], ['일향', 1], ['풍부', 1], ['산미', 1], ['숙취', 1], ['특징', 1], ['향긋', 1], ['식전', 1], ['담백', 1], ['해산물', 1], ['요리', 1], ['다양', 1], ['음식', 1], ['페어링', 1]]","[('청명', 5), ('주', 5), ('좋', 2), ('파스타', 2), ('절기', 1), ('하나로', 1), ('동지', 1), ('춘분', 1), ('음력 3월', 1), ('양력', 1), ('4월 5일', 1), ('청', 1), ('명절', 1), ('인공', 1), ('감미료', 1), ('찹쌀', 1), ('누룩', 1), ('온', 1), ('발효', 1), ('풍부', 1), ('숙취', 1), ('없', 1), ('차갑', 1), ('향긋', 1), ('전주', 1), ('담백', 1), ('해산물', 1), ('요리', 1), ('봉고', 1), ('레', 1), ('리오', 1), ('다양', 1), ('페어', 1)]"
17,17,청명주,"청명(淸明)은 24절기의 하나로 동지 후 105일 째,
춘분에서 15일 째,
음력 3월이며 양력으로는 4월 5일 또는 6일 무렵에 해당한다.
청명주는 청명절(淸明節)에 담그는 술이다.
大주(春酒)라고도 한다.

청명주는
인공감미료가 전혀 없이
100% 국내산 찹쌀과
누룩만을 사용하여
전통방식으로 빚습니다.

청명주는 저온에서
오랜 기간 발효 숙성시켜
과일향이 풍부하고
산미가 좋으며 숙취가
없는 것이 특징입니다.

청명주는 차갑게 드시면
더욱 향긋한 맛을
느낄 수 있습니다.
식전주, 담백한 해산물
요리, 봉골레파스타,
알리오올리오 파스타 등
다양한 음식과
페어링 하기 좋습니다.","[['청명주', 4], ['淸明', 2], ['파스타', 2], ['청명', 1], ['24', 1], ['절기', 1], ['하나', 1], ['동지', 1], ['105', 1], ['춘분', 1], ['15', 1], ['음력', 1], ['양력', 1], ['무렵', 1], ['해당', 1], ['청명절', 1], ['節', 1], ['大', 1], ['春酒', 1], ['인공감미료', 1], ['100', 1], ['국내', 1], ['찹쌀', 1], ['누룩', 1], ['사용', 1], ['전통', 1], ['방식', 1], ['저온', 1], ['기간', 1], ['발효', 1], ['숙성', 1], ['일향', 1], ['풍부', 1], ['산미', 1], ['숙취', 1], ['특징', 1], ['향긋', 1], ['식전', 1], ['담백', 1], ['해산물', 1], ['요리', 1], ['다양', 1], ['음식', 1], ['페어링', 1]]","[('청명', 5), ('주', 5), ('좋', 2), ('파스타', 2), ('절기', 1), ('하나로', 1), ('동지', 1), ('춘분', 1), ('음력 3월', 1), ('양력', 1), ('4월 5일', 1), ('청', 1), ('명절', 1), ('인공', 1), ('감미료', 1), ('찹쌀', 1), ('누룩', 1), ('온', 1), ('발효', 1), ('풍부', 1), ('숙취', 1), ('없', 1), ('차갑', 1), ('향긋', 1), ('전주', 1), ('담백', 1), ('해산물', 1), ('요리', 1), ('봉고', 1), ('레', 1), ('리오', 1), ('다양', 1), ('페어', 1)]"
18,18,볼빨간막걸리 10,"첨가물 없는 프리미엄 수제 막걸리
풋사과와 포도의 향을 머금은 찹쌀의 풍미 가득한 바디감
살아있는 生유산균이 가득

벗드림이 만든 부산 프리미엄 무감미료 막걸리
100% 전통방식으로 건강하고 정직하게 빚어 저온발효
처음부터 끝까지 수제로 직접! 믿을 수 있는 막걸리
특유의 풍미와 生유산균이 가득한 생 막걸리

은은하게 느껴지는 풋사과 & 포도 향
밝은 아이보리 컬러
부드럽고 묵직함
전통방식발효로 산미와 단맛의 밸런스가
뛰어나고 목넘김 후에 입안 가득 퍼지는 꽃향이
첫사랑의 설레임을 떠올리게 하는 맛

부드러운 목넘김이 인상적인 볼빨간 막걸리는
어떤 음식과도 잘 어울립니다.
벗드림이 추천드리는 최고의 조합.
본인이 좋아하는 음식, 안주와 함께 볼빨간막걸리를 즐겨보세요!","[['막걸리', 6], ['프리미엄', 2], ['수제', 2], ['풋사과', 2], ['포도', 2], ['풍미', 2], ['生', 2], ['유산균', 2], ['드림', 2], ['전통', 2], ['방식', 2], ['발효', 2], ['넘김', 2], ['음식', 2], ['첨가물', 1], ['찹쌀', 1], ['바디', 1], ['부산', 1], ['감미료', 1], ['100', 1], ['건강', 1], ['정직', 1], ['저온', 1], ['처음', 1], ['특유', 1], ['은은', 1], ['아이보리', 1], ['컬러', 1], ['묵직', 1], ['산미', 1], ['단맛', 1], ['밸런스', 1], ['입안', 1], ['사랑', 1], ['설레임', 1], ['인상', 1], ['볼빨간', 1], ['추천', 1], ['최고', 1], ['조합', 1], ['본인', 1], ['안주', 1]]","[('막걸리', 6), ('프리미엄', 2), ('사과', 2), ('포도', 2), ('유산', 2), ('드림', 2), ('발효', 2), ('부드럽', 2), ('빨갛', 2), ('없', 1), ('찹쌀', 1), ('디', 1), ('부산', 1), ('감미료', 1), ('온', 1), ('제로', 1), ('은은', 1), ('밝', 1), ('아이보리', 1), ('컬러', 1), ('묵직', 1), ('방식', 1), ('미와', 1), ('단맛', 1), ('밸런스', 1), ('뛰어나', 1), ('첫사랑', 1), ('설레임', 1), ('조합', 1), ('안주', 1)]"
19,19,참주가 생 막걸리,"참주가가 만든 수제입국을 사용하여 깜끔함. 담백함 향기로움
탄산감 부드러움을 다 갖춘 캐주얼한 데일리 막걸리

잔에 따른 후 1분 후에 드시면 더욱 맛있습니다.

참주가 수제입국
「좋은 술은 국(麴, 누룩의 일종)이 결정한다.」 라는 말이 있습니다.
찐 쌀, 밀에 균을 배양하는 일인데 상당히 민감하고 정일한 노력이 필요합니다. 참주가
는 오랜 시행착오 끝에 오동나무를 이용해 국을 빚는 것이 최선임을 깨닫고 국을 만드는 공정
만큼은 전통적 제조 방법을 유지하고 있습니다. 오동나무를 이용한 전통국 제조법은 30분
간격으로 갖난아이 돌보듯 손이 많이 가는 방법입니다. 적절한 온도 유지를 위해 술밥을 큰
보자기로 덮고 이불을 덮어주고 보짬공정이 끝나면 오동나무 상자에 옮겨 참주가만의 조건
으로 27시간을 배양합니다. 이때 온.습도의 유지가 중요한테 자연과 조화롭게 유지해야 균이
스트레스를 받지 않고 맛이 조화로운 막걸리가 됩니다
60여년 대를 이어 막걸리와 함7게한 시간의 가르침을 기록하고 연구하여 참주가 만의 국제조
법이 만들어 졌습니다. 오동나무 상자에서 손으로 만든 국은 술맛의 균형이 매우 조화롭고
달지 않아 개운합니다.","[['주가', 4], ['오동나무', 4], ['유지', 4], ['막걸리', 3], ['조화', 3], ['수제', 2], ['입국', 2], ['배양', 2], ['이용', 2], ['공정', 2], ['방법', 2], ['상자', 2], ['시간', 2], ['사용', 1], ['담백', 1], ['향기', 1], ['로움', 1], ['탄산', 1], ['부드러움', 1], ['캐주얼', 1], ['데일리', 1], ['참주', 1], ['麴', 1], ['누룩', 1], ['일종', 1], ['결정', 1], ['민감', 1], ['정일', 1], ['노력', 1], ['필요', 1], ['시행착오', 1], ['최선임', 1], ['전통', 1], ['제조', 1], ['통국', 1], ['제조법', 1], ['30', 1], ['간격', 1], ['아이', 1], ['적절', 1], ['온도', 1], ['술밥', 1], ['보자기', 1], ['이불', 1], ['조건', 1], ['27', 1], ['이때', 1], ['습도', 1], ['중요', 1], ['자연', 1], ['스트레스', 1], ['60', 1], ['가르침', 1], ['기록', 1], ['연구', 1], ['국제', 1], ['술맛', 1], ['균형', 1], ['개운', 1]]","[('참주', 5), ('막걸리', 3), ('오동나무', 2), ('가가', 1), ('담백', 1), ('탄산', 1), ('부드럽', 1), ('데일리', 1), ('맛있', 1), ('좋', 1), ('누룩', 1), ('민감', 1), ('시행착오', 1), ('이용한', 1), ('아이', 1), ('적절', 1), ('온도', 1), ('크', 1), ('보자기', 1), ('습도', 1), ('여', 1), ('조', 1), ('개운', 1)]"
20,20,복순도가 탁주,"진한 바디감
진한 맛과 향
그 어떠한 방부제,
인공 감미료나 인공 누록이
첨가도」지 않은 전통 막걸리의
맛과 향을 경험해보세요
탄산이 없고 진한
복순도가 탁주

복순도가 탁주는
일반 막걸리보다
도수가 높고 탄산이 없으며
진한 맛과 향을 즐길 수 있는 막걸리입니다
멥쌀을 사용하고 100일 이상 저온 숙성하여
만들어진 전통 방식의 탁주로
옛 막걸리의 진한 맛과 향을 경험해보세요","[['막걸리', 4], ['탁주', 3], ['인공', 2], ['전통', 2], ['경험', 2], ['탄산', 2], ['순도', 2], ['바디', 1], ['어떠', 1], ['방부제', 1], ['감미료', 1], ['첨가', 1], ['일반', 1], ['멥쌀', 1], ['사용', 1], ['100', 1], ['이상', 1], ['저온', 1], ['숙성', 1], ['방식', 1]]","[('진한', 5), ('막걸리', 4), ('인공', 2), ('탄산', 2), ('없', 2), ('순도', 2), ('디', 1), ('어떠', 1), ('방부제', 1), ('감미료', 1), ('누', 1), ('록', 1), ('높', 1)]"
21,21,메밀로25,"진한 메밀향의 메밀증류주

직접 재배한 메밀을 이양주 방식으로 빚어낸 메밀증류주입니다. 상압
으로 내린 술을 항아리에서 1 년간 숙성시골 부드럽고 그윽한 향을
완성합니다. 메밀하면 떠오르는 고소한 향이 그대로 담겨 입 안에서
산뜻하게 피지고 맑게 넘어가면서 알코올이 화한 존재감을 드러냅
니다. 잔잔하게 남는 향까지 음미해보세요.","[['메밀', 5], ['증류주', 2], ['재배', 1], ['이양주', 1], ['방식', 1], ['상압', 1], ['항아리', 1], ['숙성', 1], ['시골', 1], ['그윽', 1], ['완성', 1], ['고소', 1], ['산뜻', 1], ['피지', 1], ['알코올', 1], ['존재감', 1], ['잔잔', 1], ['음미', 1]]","[('메밀', 5), ('증류주', 2), ('진한', 1), ('양주', 1), ('항아리', 1), ('숙성', 1), ('부드럽', 1), ('그윽', 1), ('하면', 1), ('고소', 1), ('산뜻', 1), ('피지', 1), ('맑', 1), ('알코올', 1), ('니다', 1), ('잔잔', 1)]"
22,22,바랑,"지회 금계당에서는 ""해주""라 불리우며 5대째 내려오고 있는 생쌀발효 비법을 그대로 재현한 순곡추 입니다.
생쌀과 전통 누룩의 비법을 가지고 만드는 전통추는 오직 금계당 뿐입니다.
누룩양도 1 % 최소량으로 하여 누룩냄세가 없어 깔끔합니다
""무첨가의 오직 쌀의 맛으로만 빛은 수제 약주 별바랑, 고급 탁주 바랑•
전통추는 어떠한 안주와도 잘 어울립니다. 한식과 함께 마셔도 좋습니다.
누룩향이 없어 누가 마셔도 거부감이 없는 정통 전통주 입니다.
냉장보관으로 차갑게 드시면 끝까지 입에서 도는 향을 느끼실수 있습니다.","[['누룩', 4], ['전통', 3], ['금계', 2], ['생쌀', 2], ['비법', 2], ['바랑', 2], ['지회', 1], ['해주', 1], ['발효', 1], ['재현', 1], ['곡추', 1], ['최소량', 1], ['깔끔', 1], ['첨가', 1], ['수제', 1], ['약주', 1], ['고급', 1], ['탁주', 1], ['어떠', 1], ['안주', 1], ['한식', 1], ['거부', 1], ['정통', 1], ['전통주', 1], ['장보관', 1]]","[('누룩', 4), ('없', 3), ('금계', 2), ('당', 2), ('해주', 1), ('발효', 1), ('추', 1), ('양도', 1), ('깔끔', 1), ('어떠', 1), ('안주', 1), ('와도', 1), ('한식', 1), ('좋', 1), ('정통', 1), ('전통주', 1), ('차갑', 1)]"
23,23,별바랑,"지회 금계당에서는 ""해주""라 불리우며 5대째 내려오고 있는 생쌀발효 비법을 그대로 재현한 순곡추 입니다.
생쌀과 전통 누룩의 비법을 가지고 만드는 전통추는 오직 금계당 뿐입니다.
누룩양도 1 % 최소량으로 하여 누룩냄세가 없어 깔끔합니다
""무첨가의 오직 쌀의 맛으로만 빛은 수제 약주 별바랑, 고급 탁주 바랑•
전통추는 어떠한 안주와도 잘 어울립니다. 한식과 함께 마셔도 좋습니다.
누룩향이 없어 누가 마셔도 거부감이 없는 정통 전통주 입니다.
냉장보관으로 차갑게 드시면 끝까지 입에서 도는 향을 느끼실수 있습니다.","[['누룩', 4], ['전통', 3], ['금계', 2], ['생쌀', 2], ['비법', 2], ['바랑', 2], ['지회', 1], ['해주', 1], ['발효', 1], ['재현', 1], ['곡추', 1], ['최소량', 1], ['깔끔', 1], ['첨가', 1], ['수제', 1], ['약주', 1], ['고급', 1], ['탁주', 1], ['어떠', 1], ['안주', 1], ['한식', 1], ['거부', 1], ['정통', 1], ['전통주', 1], ['장보관', 1]]","[('누룩', 4), ('없', 3), ('금계', 2), ('당', 2), ('해주', 1), ('발효', 1), ('추', 1), ('양도', 1), ('깔끔', 1), ('어떠', 1), ('안주', 1), ('와도', 1), ('한식', 1), ('좋', 1), ('정통', 1), ('전통주', 1), ('차갑', 1)]"
24,24,이동 생 막걸리,"지하 200m 암반수를 이용하여 감칠맛, 단맛, 신맛, 쓴맛 등 가장
중요한 자연 그대로의 물 맛으로 장점을 극대화하였습니다.

더 부드럽게
더 고소하게

모두가 익히 좋아하는
그 맛 그대로
고소함과 부드러움만 더했어요","[['고소', 2], ['지하', 1], ['200', 1], ['암반', 1], ['이용', 1], ['감칠맛', 1], ['단맛', 1], ['신맛', 1], ['쓴맛', 1], ['중요', 1], ['자연', 1], ['장점', 1], ['극대', 1], ['모두', 1], ['부드러움', 1]]","[('부드럽', 2), ('지하', 1), ('감칠맛', 1), ('단맛', 1), ('중요', 1), ('고소', 1), ('소함', 1)]"
25,25,담솔,"제대로 내린 쌀 소주를 드서보고 싶다면
한국 전통 소주의 진가를 느껴보고 싶다면
좋은 분께 한국의 멋을 선물하고 싶다면
바로 담솔입니다

국내산 쌀과 솔잎, 송순으로 빚은 솔송주를 정성스레 증류하여 받아낸 뒤
저온에서 밀폐하여 숙성시킨 고금 리큐르입니다.
쌀 소주 특유의 날카로운 향내와 맛을 부드럽게 잡아낸 담솔은
차갑게 드신다면 그 부드러움과 깊이가 한결 더합니다
일반석인 한식과 잘 어울리지만
회와 함께 하시 면 궁합이 가장 좋습니다","[['소주', 3], ['한국', 2], ['담솔', 2], ['전통', 1], ['진가', 1], ['선물', 1], ['국내', 1], ['솔잎', 1], ['송순', 1], ['송주', 1], ['증류', 1], ['저온', 1], ['밀폐', 1], ['숙성', 1], ['고금', 1], ['리큐르', 1], ['특유', 1], ['향내', 1], ['부드러움', 1], ['깊이', 1], ['일반', 1], ['석인', 1], ['한식', 1], ['궁합', 1]]","[('한국', 2), ('소주', 2), ('좋', 2), ('부드럽', 2), ('드', 1), ('서', 1), ('보고 싶다', 1), ('진가', 1), ('송순', 1), ('송', 1), ('온', 1), ('고금', 1), ('리', 1), ('날카롭', 1), ('차갑', 1), ('석이', 1), ('한식', 1), ('궁합', 1)]"
26,26,너브내 로제 스위트,장밋빛의 컬러가 특징이며 달콤한 베리계열 과일향과 시원하고 산뜻한 허브향이 어우러진 디저트 와인입니다. 호불호가 적어 선물용 와인으로 인기가 많습니다,"[['와인', 2], ['장밋빛', 1], ['컬러', 1], ['특징', 1], ['달콤', 1], ['베리', 1], ['계열', 1], ['일향', 1], ['시원', 1], ['산뜻', 1], ['허브', 1], ['디저트', 1], ['호불호', 1], ['선물', 1], ['인기', 1]]","[('와인', 2), ('컬러', 1), ('달콤', 1), ('베리', 1), ('일향', 1), ('시원', 1), ('산뜻', 1), ('허브', 1), ('디저트', 1), ('불', 1), ('호가', 1), ('적', 1), ('많', 1)]"
27,27,금이산 복숭아 와인,잘익은 세종시 조치원 복숭아만을 선별하여 저온에서 천천히 발효시켜 만든 와인입니다. 은은하고 달콤한 복숭아의 풍미를 경험하실 수 있습니다.,"[['복숭아', 2], ['종시', 1], ['조치원', 1], ['선별', 1], ['저온', 1], ['발효', 1], ['와인', 1], ['은은', 1], ['달콤', 1], ['풍미', 1], ['경험', 1]]","[('복숭아', 2), ('세종', 1), ('조치원', 1), ('온', 1), ('와인', 1), ('은은', 1), ('달콤', 1)]"
28,28,민속주 왕주,은은한 약초 내음과 부드러우면서도 혀끝을 감아도는 감칠맛이 일품인 술,"[['은은', 1], ['약초', 1], ['내음', 1], ['감칠맛', 1], ['일품', 1]]","[('은은', 1), ('부드럽', 1), ('감칠맛', 1)]"
29,29,유톡자톡,"유톡자톡은 막걸리의 인식을 새롭게 하고 싶은 양주도가의 마음이 함께 한 막걸리입니다.
전반적으로 맛의 균형감, 유자의 향과 막걸리의 어울림이 좋아 유자의 천연과즙의 향이 탄산과 잘 어우러져 극대화된 청량감을 느낄 수 있습니다.","[['막걸리', 3], ['유자', 2], ['인식', 1], ['양주', 1], ['도가', 1], ['마음', 1], ['전반', 1], ['균형감', 1], ['어울림', 1], ['천연', 1], ['탄산', 1], ['극대', 1], ['청량감', 1]]","[('막걸리', 3), ('유자', 2), ('새롭', 1), ('양주', 1), ('도가', 1), ('좋', 1), ('탄산', 1)]"
30,30,복순도가 슈퍼 드라이,"울산을 대표하는 프리미엄 전통주 브랜드 복순도가의 여섯번째 작품.
감미료 없이 쌀, 곡자, 정제수 세가지 재료로만 빚어냈습니다.
단맛을 줄여 복순도가 손막걸리의 본연의 맛을 섬세하게 경험할 수 있습니다.

균질도
질 좋은 누룩과 쌀을 전통 방식으로 발효하여
신선한 요구르트 같은 살구빛을 띠며, 입자가 매우 고와
탁주 특유의 텁텁함 없이 청량함이 뛰어납니다
단맛을 줄여 손막걸리 본연의 맛을 섬세하게 표현했습니다
샴페인과 같은 천연탄산을 그대로 유지한大H
부드러운 목넘김과 향긋한 산미가 특징입니다
고급 누록향을 가득 머금은 포근한 누록향과
숙성되며 농축된! 향긋한 과실내음이 조화롭게 느껴집니다","[['순도', 2], ['단맛', 2], ['막걸리', 2], ['본연', 2], ['섬세', 2], ['향긋', 2], ['울산', 1], ['대표', 1], ['프리미엄', 1], ['전통주', 1], ['브랜드', 1], ['여섯', 1], ['작품', 1], ['감미료', 1], ['곡자', 1], ['정제', 1], ['가지', 1], ['재료', 1], ['경험', 1], ['균질', 1], ['누룩', 1], ['전통', 1], ['방식', 1], ['발효', 1], ['신선', 1], ['요구르트', 1], ['살구', 1], ['입자', 1], ['탁주', 1], ['특유', 1], ['텁텁', 1], ['청량', 1], ['표현', 1], ['샴페인', 1], ['천연', 1], ['탄산', 1], ['유지', 1], ['大', 1], ['넘김', 1], ['산미', 1], ['특징', 1], ['고급', 1], ['포근', 1], ['숙성', 1], ['농축', 1], ['과실', 1], ['내음', 1], ['조화', 1]]","[('순도', 2), ('단맛', 2), ('막걸리', 2), ('섬세', 2), ('같', 2), ('향긋', 2), ('누', 2), ('록', 2), ('울산', 1), ('프리미엄', 1), ('전통주', 1), ('브랜드', 1), ('가의', 1), ('감미료', 1), ('정제', 1), ('재료', 1), ('로만', 1), ('좋', 1), ('누룩', 1), ('신선', 1), ('요구르트', 1), ('입자', 1), ('고와', 1), ('텁텁', 1), ('뛰어나', 1), ('샴페인', 1), ('탄산', 1), ('유지', 1), ('한', 1), ('부드럽', 1), ('포근', 1), ('과실', 1)]"
31,31,옥지춘,"우리나라 최초의 요리책
산가요록에 기록된 조리법
조선 전기 세종의 어의였던 전순의가 지어 지금까지 전해오는 가장 오래된 요리책이 바로 산가요록입니다.
잣막걸리의 원형을 찾는 과정에서 이 산가요록에 기록된 '옥지춘'이라는 막걸리를 만났고, 토종 벼 품종으로 100여회의 시험 담금을 통해 550여년 만에 산가요록의 막걸리를 복원했습니다.

'껍질을 벗기지 않은 잣'을 찧어 투박하지만 정겨운 옛날 그 모습 그대로 오로지 잣, 쌀, 누룩, 물로만 빚은 고문헌 속 옥지춘이 시간을 건너 지금 우리와 마주합니다.","[['산가', 4], ['요록', 4], ['막걸리', 3], ['우리', 2], ['요리', 2], ['기록', 2], ['나라', 1], ['최초', 1], ['조리법', 1], ['조선', 1], ['전기', 1], ['세종', 1], ['어의', 1], ['전순', 1], ['지금', 1], ['원형', 1], ['과정', 1], ['옥지춘', 1], ['토종', 1], ['품종', 1], ['100', 1], ['여회', 1], ['시험', 1], ['담금', 1], ['550', 1], ['복원', 1], ['껍질을 벗기지 않은 잣', 1], ['투박', 1], ['옛날', 1], ['모습', 1], ['누룩', 1], ['고문헌', 1], ['옥지', 1], ['시간', 1]]","[('산가요록', 4), ('막걸리', 3), ('여', 2), ('우리나라', 1), ('조리법', 1), ('조선', 1), ('세종', 1), ('전순의', 1), ('옥', 1), ('품종', 1), ('회의', 1), ('껍질', 1), ('투박', 1), ('정겨운', 1), ('누룩', 1), ('이', 1)]"
32,32,너브내 스파클링 화이트 드라이,우리나라 최초의 샤르망 방식으로 만든 스파클링 와인으로 '청향'청포도의 향과 미세한 천연탄산이 와인에 풍부하게 녹아있어 마시는 내내 부드러운 맛과 깔끔한 산미를 즐길 수 있습니다.,"[['와인', 2], ['우리', 1], ['나라', 1], ['최초', 1], ['샤르망', 1], ['방식', 1], ['스파클', 1], ['청향', 1], ['청포도', 1], ['미세', 1], ['천연', 1], ['탄산', 1], ['풍부', 1], ['내내', 1], ['깔끔', 1], ['산미', 1]]","[('와인', 2), ('우리나라', 1), ('스파크', 1), ('청', 1), ('청포도', 1), ('미세', 1), ('연탄', 1), ('산이', 1), ('풍부', 1), ('부드럽', 1), ('깔끔', 1)]"
33,33,너브내 레드 드라이,"우리나라 최초의 레드와인 포도품종 '블랙아이', '블랙썬'으로 만들었으며 풍부한 안토시아닌과 한식에 어울리는 적당한 바디감, 스파이시한 맛을 가지고 있어 강원도 떼루아의 맛을 즐길 수 있습니다","[['우리', 1], ['나라', 1], ['최초', 1], ['레드와인', 1], ['포도', 1], ['품종', 1], [""블랙아이', "", 1], ['블랙', 1], ['풍부', 1], ['안토시아닌', 1], ['한식', 1], ['적당', 1], ['바디', 1], ['스파', 1], ['이시한', 1], ['강원도', 1], ['루아', 1]]","[('블랙', 2), ('우리나라', 1), ('레드', 1), ('와인', 1), ('포도', 1), ('품종', 1), ('아이', 1), ('썬', 1), ('풍부', 1), ('안토시아닌', 1), ('한식', 1), ('적당', 1), ('디', 1), ('스파이', 1), ('강원도', 1), ('떼루아', 1)]"
34,34,WON SOJU,"옹기숙성을 거친 감압 증류방식으로 탄생하여
부드러운 목넘김이 일품인 전통 증류식 소주","[['증류', 2], ['기숙', 1], ['감압', 1], ['방식', 1], ['탄생', 1], ['넘김', 1], ['일품', 1], ['전통', 1], ['소주', 1]]","[('옹기', 1), ('숙성', 1), ('감압 증류', 1), ('방식', 1), ('부드럽', 1), ('증류', 1), ('소주', 1)]"
35,35,화주 40,오양주의 맑은 술만을 따로 증류하여 3년 이상 숙성한 증류주,"[['양주', 1], ['증류', 1], ['이상', 1], ['숙성', 1], ['증류주', 1]]","[('양주', 1), ('맑', 1), ('숙성', 1), ('한', 1), ('증류주', 1)]"
36,36,화주 53,오양주의 맑은 술만을 따로 증류하여 3년 이상 숙성한 증류주,"[['양주', 1], ['증류', 1], ['이상', 1], ['숙성', 1], ['증류주', 1]]","[('양주', 1), ('맑', 1), ('숙성', 1), ('한', 1), ('증류주', 1)]"
37,37,화주 53 골드,오양주의 맑은 술만을 따로 증류하여 3년 이상 숙성한 증류주,"[['양주', 1], ['증류', 1], ['이상', 1], ['숙성', 1], ['증류주', 1]]","[('양주', 1), ('맑', 1), ('숙성', 1), ('한', 1), ('증류주', 1)]"
38,38,술그리다,오양주로 빚고 6개월 이상 발효와 숙성을 거친 깔끔한 탁주,"[['오양', 1], ['개월', 1], ['이상', 1], ['발효', 1], ['숙성', 1], ['깔끔', 1], ['탁주', 1]]","[('양주로', 1), ('발효', 1), ('숙성', 1), ('깔끔', 1)]"
39,39,이동 생 오곡막걸리,"오곡으로
풍부하게
고소하게
부드럽게

발효에 따른 생막컬리 맛 변화
숨쉬는 효모가 당분을 먹으며 발효를 지속합니다.
보관 기간에 따라 달라지는 생막걸리의 매력을 취향에 맞게 즐겨보세요.","[['발효', 2], ['오곡', 1], ['풍부', 1], ['고소', 1], ['컬리', 1], ['변화', 1], ['효모', 1], ['당분', 1], ['지속', 1], ['보관', 1], ['기간', 1], ['막걸리', 1], ['매력', 1], ['취향', 1]]","[('오곡', 1), ('풍부', 1), ('고소', 1), ('부드럽', 1), ('발효', 1), ('컬리', 1), ('효모', 1), ('막걸리', 1)]"
40,40,고택 찹쌀생주,"옛 양반들이 마사던
전통가양주(집에서 빚는 술)는
옛 전통을그대로 살린 기법을 이용하여
고택 집결쌀A<!푸(古宅密>i酉-상고 고택 찹쌀 生酒)로
새롭게 탄생시켰다.
특히 고택참쌓생주(고택일주)는 국내에서 생산된 순수한 국내산 찹쌀100%。와 누국,금강의 청정수를 주재료로 빚어낸
13.5%의 탁주이다. 또 전통방식에 따라 숙성시켜 “효모균” 이 살아있는 용법으로 만든순수한生酒다.
순수 발효주인 고택-찹쌀 生酒는 옛 선조들이 식사할 때 반주로 음용해 온 것으로 소량을 매일 마시면 건강에 좋습니다.
0 고택찹쌀생주의 특징
대다수 많은 술이 수입 밀가루,수입쌀을 재료로 사용하고 있다.
그러나 이술은 1000% 국산 찹쌀을 누룩으로 발효시켜 만든 순수한 전통술이다.
술이 익은 후에는 물이 전하 침가되지 않습니다.
우리의 전통술은 살균의 과정을 거치지 않은 生•,匾로 효모균이 실아있고+
또한 방부제를 전하사용하지 않았습니다.","[['고택', 6], ['찹쌀', 5], ['生', 4], ['순수', 4], ['전통', 3], ['酒', 3], ['생주', 2], ['국내', 2], ['효모균', 2], ['수입', 2], ['사용', 2], ['전통술', 2], ['전하', 2], ['양반', 1], ['마사', 1], ['가양주', 1], ['기법', 1], ['이용', 1], ['집결', 1], ['<!', 1], ['古', 1], ['宅', 1], ['密', 1], ['酉', 1], ['상고', 1], ['탄생', 1], ['일주', 1], ['생산', 1], ['100', 1], ['%。', 1], ['누국', 1], ['금강', 1], ['청정수', 1], ['주재료', 1], ['13', 1], ['탁주', 1], ['방식', 1], ['숙성', 1], ['용법', 1], ['발효주', 1], ['선조', 1], ['식사', 1], ['반주', 1], ['음용', 1], ['소량', 1], ['건강', 1], ['특징', 1], ['대다수', 1], ['밀가루', 1], ['재료', 1], ['1000', 1], ['국산', 1], ['누룩', 1], ['발효', 1], ['우리', 1], ['살균', 1], ['과정', 1], ['•,', 1], ['匾', 1], ['방부제', 1]]","[('찹쌀', 5), ('순수', 2), ('전하', 2), ('마사', 1), ('통가', 1), ('양주', 1), ('상고', 1), ('새롭', 1), ('주', 1), ('100%', 1), ('누', 1), ('금강', 1), ('청정', 1), ('한', 1), ('발효', 1), ('주인', 1), ('반주', 1), ('용해', 1), ('좋', 1), ('주의', 1), ('많', 1), ('밀가루', 1), ('수입', 1), ('재료', 1), ('누룩', 1), ('살균', 1), ('방부제', 1)]"
41,41,예미주,"예미주는 안동농협이 계약 재배한 고품질의 특화된
백진주 쌀로 빛어 부드럽고 깨끗한 약주입니다.
, 저온 숙성을 거친 13도 주로 위에 부담이 적어
목 넘김이 부드럽습니다.
일본의 '사케'와 다른 우리 쌀 고유의 맛과 향으로
해외 수출 주력 상품입니다.
. 또한 '예미주'는 일반 쌀의 깨끗하고 깔끔한 맛과
잡쌀의 부드럽고 묵직한 맛이 어우러진 백진주쌀로
만들어 차레주로 제격인 고급 전통주입니다.","[['백진주', 2], ['깨끗', 2], ['미주', 1], ['안동', 1], ['농협', 1], ['계약', 1], ['재배', 1], ['고품질', 1], ['특화', 1], ['약주', 1], ['저온', 1], ['숙성', 1], ['13', 1], ['부담', 1], ['넘김', 1], ['일본', 1], ['사케', 1], ['우리', 1], ['고유', 1], ['해외', 1], ['수출', 1], ['주력', 1], ['상품', 1], ['예미주', 1], ['일반', 1], ['깔끔', 1], ['묵직', 1], ['제격', 1], ['고급', 1], ['전통주', 1]]","[('부드럽', 3), ('미주', 2), ('진주', 2), ('깨끗', 2), ('안동', 1), ('농협', 1), ('품질', 1), ('숙성', 1), ('13', 1), ('적', 1), ('일본', 1), ('고유', 1), ('깔끔', 1), ('묵직', 1), ('레', 1), ('주', 1), ('전통주', 1)]"
42,42,그리움,"어떠한 첨가물도 넣지 않고 질 좋은 경기미로만
정성스럽게 빚은 우리술 입니다
소중한 인연에게 감사하고
존경하는 마음을 전하기 위한 술로써,
명절 기름진 음식에도 잘 어울리는
담백한 차례주입니다

일본청주와 일본식청주처럼 주정과 조미료 등이
전혀 들어가지 않은 순수 발효주로
오래 즐겨도 질리지 않습니다

쌀에서 오는 풍미는 살리되,
단맛과 끈적임을 줄여 모든 음식과 잘 어우러집 니다
알보핫이 거의 느껴지지 않는 부드러운 목넘김이 일품입니다

좋은 재료와 수십일의 정성으로 빚은 우리술뢰
값싸게 전하는 혼한 선물과는 쉽게 비교할 수 없는
최고의 명절 선물입니다","[['정성', 2], ['우리', 2], ['명절', 2], ['음식', 2], ['청주', 2], ['선물', 2], ['어떠', 1], ['첨가물', 1], ['경기', 1], ['소중', 1], ['인연', 1], ['감사', 1], ['존경', 1], ['마음', 1], ['담백', 1], ['차례', 1], ['일본', 1], ['일본식', 1], ['주정', 1], ['조미료', 1], ['순수', 1], ['발효주', 1], ['풍미', 1], ['단맛', 1], ['알보', 1], ['넘김', 1], ['일품', 1], ['재료', 1], ['수십', 1], ['비교', 1], ['최고', 1]]","[('좋', 2), ('명절', 2), ('일본', 2), ('청주', 2), ('어떠', 1), ('경기', 1), ('미로', 1), ('소중', 1), ('기름지', 1), ('담백', 1), ('주정', 1), ('조미료', 1), ('순수', 1), ('발효', 1), ('주', 1), ('단맛', 1), ('우', 1), ('러', 1), ('니다', 1), ('보', 1), ('부드럽', 1), ('재료', 1), ('일', 1), ('값싸', 1), ('쉽', 1), ('없', 1)]"
43,43,양주 불곡산,양주불곡산은 프리미엄 막걸리를 조금 더 대중화하고싶은 마음을 담아 양주도가의 독창적인 2가지 발효기법을 조합하여 우유처럼 고운 색감과 부드러움을 극대화한 식감을 느끼실 수 있습니다,"[['양주', 2], ['곡산', 1], ['프리미엄', 1], ['막걸리', 1], ['대중', 1], ['마음', 1], ['도가', 1], ['독창', 1], ['가지', 1], ['발효', 1], ['기법', 1], ['조합', 1], ['우유', 1], ['색감', 1], ['부드러움', 1], ['극대', 1], ['식감', 1]]","[('양주', 2), ('불곡산', 1), ('프리미엄', 1), ('막걸리', 1), ('도가', 1), ('발효', 1), ('우유', 1), ('고운', 1), ('부드럽', 1)]"
44,44,엄청주,"알코올와감미료없이
맛이 깔끔하고쀼한
임나무담금주

엄청 주의 원료인 엄나무 농장은 대구 달성군
가창면 우곡리 산골에서 직접 재배 중입니다.
공기 좋고 인적이 드문 맑은 물, 산골에서
재배하기 Ⅱ코술이름에|청(靑기을붙였습니다.

위스키 공법으로 제조하여 향이 진한
한잔을 마시더라도 몸에 좋은 것, 기분이 좋아지는 술!
엄청주는 자연친화적인 술, 대구 지역 특산주로
위스? | 공법으로 제작되어 향긋한 위스? | 맛으로 즐길 수 있습니다.

대구 달성군 우곡리 산골에서 직접 재배한 엄나무로
제철과일과 약초의 맛, 깊고 향긋한 향의7 |능까지 그대로
유지하는 담금주입니다. 위스身 공법으로 제조하여 전통주임에도
위스키향이 진합니다.

풍부한 사포닌으로 향도 건 강도
모두 챙긴 위스기형 담금주
거품01 풍부하게 발생하는 이유는 사포닌이 다량으로 함유되어있21 때문입니다.
엄나무의 풍부한 사포닌은 피부와 관절에 좋으며
강장효과가 우수합니다. 엄청주는 천연 재료를 사용하여 제작됩니다.","[['위스', 4], ['금주', 3], ['엄나무', 3], ['대구', 3], ['산골', 3], ['재배', 3], ['공법', 3], ['풍부', 3], ['사포닌', 3], ['달성군', 2], ['우곡리', 2], ['위스키', 2], ['제조', 2], ['제작', 2], ['향긋', 2], ['알코올', 1], ['감미료', 1], ['깔끔', 1], ['임나', 1], ['무담', 1], ['원료', 1], ['농장', 1], ['가창면', 1], ['공기', 1], ['인적', 1], ['이름', 1], ['靑', 1], ['한잔', 1], ['기분', 1], ['자연', 1], ['친화', 1], ['지역', 1], ['특산', 1], ['제철', 1], ['과일', 1], ['약초', 1], ['향의', 1], ['유지', 1], ['身', 1], ['전통', 1], ['주임', 1], ['향도', 1], ['기형', 1], ['거품', 1], ['01', 1], ['발생', 1], ['이유', 1], ['다량', 1], ['함유', 1], ['21', 1], ['때문', 1], ['피부', 1], ['관절', 1], ['강장', 1], ['효과', 1], ['우수', 1], ['천연', 1], ['재료', 1], ['사용', 1]]","[('엄', 5), ('나무', 4), ('좋', 4), ('금주', 3), ('대구', 3), ('산골', 3), ('공법', 3), ('풍부', 3), ('사포닌', 3), ('임', 2), ('달성군', 2), ('우곡리', 2), ('위스키', 2), ('청주', 2), ('향긋', 2), ('알코올', 1), ('감미료', 1), ('농장', 1), ('가창면', 1), ('공기', 1), ('드물', 1), ('맑', 1), ('청', 1), ('진한', 1), ('제철', 1), ('과일', 1), ('깊', 1), ('전통주', 1), ('진하', 1), ('향도', 1), ('강도', 1), ('거품', 1), ('01', 1), ('관절', 1)]"
45,45,월영,"안동의 수려한 산수에서 뿜어져 나오는 좋은 물과
100% 우리 쌀로 빛은 '월영안동소주'는 장기
숙성으로 그 맛이 순하고 부드러우며 깔끔한 맛이
특징입니다. 또한 염화시중의 연꽃과 연잎의 문양을
독자 개발 디자인하여 양각한 고품격 도자기 병과,
잔에 그 맛과 향을 고스란히 담았습니다.","[['안동', 1], ['수려', 1], ['산수', 1], ['100', 1], ['우리', 1], ['월영안동소주', 1], ['장기', 1], ['숙성', 1], ['깔끔', 1], ['특징', 1], ['염화시중', 1], ['연꽃', 1], ['연잎', 1], ['문양', 1], ['독자', 1], ['개발', 1], ['디자인', 1], ['양각', 1], ['고품격', 1], ['자기', 1]]","[('안동', 1), ('수려', 1), ('좋', 1), ('영', 1), ('안동소주', 1), ('숙성', 1), ('순하', 1), ('부드럽', 1), ('깔끔', 1), ('시중', 1), ('연꽃과', 1), ('도자기', 1), ('병과', 1)]"
46,46,나루생막걸리,쌀에서 나오는 천연 단맛과 깔끔한 산미로 목넘김이 좋은 막걸리,"[['천연', 1], ['단맛', 1], ['깔끔', 1], ['산미', 1], ['넘김', 1], ['막걸리', 1]]","[('단맛', 1), ('깔끔', 1), ('미로', 1), ('좋', 1), ('막걸리', 1)]"
47,47,용25,"쌀과 밀의 진한 풍미,
향기 뿜는 용소주","[['풍미', 1], ['향기', 1], ['용소', 1]]","[('진한', 1), ('소주', 1)]"
48,48,별산,"식초의 우수성에 작안하여
식초 발효균주와 막걸리 발효의
장점을 접목한
새로운 막걸리!
감식초의 상큼함
막걸리의 부드러운 감칠맛이
더해서 깊은 풍미가 느껴집니다

별산 막걸리는 화학첨가물을 일제넣지 않고
국내산 우수한 품질의 양주쌀로 만든 순수한 막걸리입니다
6년발효 감식초에서 추출한 발효균주로
두번 빚어 만든“이양주”입니다.","[['막걸리', 5], ['발효', 3], ['식초', 2], ['우수', 2], ['감식초', 2], ['균주', 1], ['장점', 1], ['접목', 1], ['상큼', 1], ['감칠맛', 1], ['풍미', 1], ['화학', 1], ['첨가물', 1], ['일제', 1], ['국내', 1], ['품질', 1], ['양주', 1], ['순수', 1], ['추출', 1], ['발효균', 1], ['이양주', 1]]","[('막걸리', 5), ('식초', 4), ('발효', 4), ('양주', 2), ('새롭', 1), ('상큼', 1), ('부드럽', 1), ('감칠맛', 1), ('깊', 1), ('품질', 1), ('6년', 1), ('이', 1)]"
49,49,고흥유자주,"시트러스 감성 전통주 '고유'
고흥 유자주는 100% 고흥유자, 고흥쌀로 빚은 살균 약주로 고흥 지역
특산주 입니다. 유자 특유의 상큼함과 적당한 달콤함이 느껴지는 '고유'
는 과거의 우리술과 현재의 우리 취향이 만나는 경험을 가져다 춥니다.
입안 전제에 퍼지는 유자향부터 목넘김 후 느낄 수 있는 곡물의 고소한
까지. 고흥유자추의 매력에 빠져보세요.","[['고흥', 5], ['유자', 4], ['고유', 2], ['우리', 2], ['트러스', 1], ['감성', 1], ['전통주', 1], ['유자주', 1], ['100', 1], ['살균', 1], ['약주', 1], ['지역', 1], ['특산', 1], ['특유', 1], ['상큼', 1], ['적당', 1], ['달콤', 1], ['과거', 1], ['현재', 1], ['취향', 1], ['경험', 1], ['입안', 1], ['전제', 1], ['넘김', 1], ['곡물', 1], ['소한', 1], ['추의', 1], ['매력', 1]]","[('고흥', 5), ('유자', 4), ('고유', 2), ('시트러스', 1), ('감성', 1), ('전통주', 1), ('유', 1), ('자주', 1), ('살균', 1), ('주', 1), ('상큼', 1), ('적당', 1), ('달콤', 1), ('곡물', 1), ('고소', 1), ('추', 1), ('매력', 1)]"
50,50,술헤는밤,"순수하고 진한 8% 무첨가 막걸리

'술헤는밤'은 쌀과 누룩만으로 빚어낸 수제 막걸리이다. 인공감미료을 첨가하지 않고 국내산 쌀과 전통누룩, 그리고 강원도 홍천의 청정한 물만으로 만들어진 제품으로 윤동주 시인의 별 헤는 밤처럼 추억과 사랑을 술 잔에 담아내고자 하는 마음으로 술을 빚었다. 알코 냄새가 거의 없이 부드럽고 고소한 맛이 특징이다.
[네이버 지식백과] 술헤는밤 - 부담없이 마시기 좋은 수제 막걸리 (한국전통주백과, (사)한국전통민속주협회, 한국가양주연구소, 전통주갤러리, 플레이온컴, 농림축산식품부, 한국농수산식품유통공사(aT))","[['한국', 4], ['막걸리', 3], ['첨가', 2], ['누룩', 2], ['수제', 2], ['전통', 2], ['백과', 2], ['전통주', 2], ['식품', 2], ['순수', 1], ['술헤는밤', 1], ['인공감미료', 1], ['국내', 1], ['강원도', 1], ['홍천', 1], ['청정', 1], ['제품', 1], ['윤동주', 1], ['시인', 1], ['추억', 1], ['사랑', 1], ['마음', 1], ['알코', 1], ['냄새', 1], ['고소', 1], ['특징', 1], ['네이버', 1], ['지식', 1], ['민속주', 1], ['협회', 1], ['가양주', 1], ['연구소', 1], ['갤러리', 1], ['플레', 1], ['이온', 1], ['농림', 1], ['축산', 1], ['농수산', 1], ['유통', 1], ['공사', 1], ['aT', 1]]","[('막걸리', 3), ('밤', 2), ('누룩', 2), ('한국', 2), ('전통주', 2), ('진한', 1), ('인공', 1), ('감미료', 1), ('강원도', 1), ('홍', 1), ('천', 1), ('윤동주', 1), ('추억', 1), ('알코', 1), ('부드럽', 1), ('고소', 1), ('네이버', 1), ('마시기', 1), ('좋', 1), ('백', 1), ('전통', 1), ('민속주', 1), ('국가', 1), ('양주', 1), ('연구소', 1), ('갤러리', 1), ('플레이', 1), ('온', 1), ('농림', 1), ('축산', 1), ('한국농수산식품유통공사', 1)]"
51,51,탱자:C,"순곡주 전통방식 이양주 담금
탱자 방효 증류주

상큼한 신맛과 탱자향이 입안을 깔끔하게 하고 목 넘김후 찾아오는 곡주, 단감의 은은한 단맛이 조화로운 증류주","[['곡주', 2], ['탱자', 2], ['증류주', 2], ['전통', 1], ['방식', 1], ['양주', 1], ['담금', 1], ['방효', 1], ['상큼', 1], ['신맛', 1], ['입안', 1], ['깔끔', 1], ['넘김', 1], ['단감', 1], ['은은', 1], ['단맛', 1], ['조화', 1]]","[('주', 2), ('증류주', 2), ('방식', 1), ('양주', 1), ('상큼', 1), ('깔끔', 1), ('은은', 1), ('단맛', 1)]"
52,52,가야금주,"순곡주 전통방식 이양주 담금
생강 발효 증류주

알싸한 생강향의 풍미
한 모금의 목 넘김으로 
두가지 향과 맛을 느낄 수 있는 증류주","[['생강', 2], ['증류주', 2], ['곡주', 1], ['전통', 1], ['방식', 1], ['양주', 1], ['담금', 1], ['발효', 1], ['알싸', 1], ['풍미', 1], ['모금', 1], ['넘김', 1], ['가지', 1]]","[('생강', 2), ('증류주', 2), ('주', 1), ('방식', 1), ('양주', 1), ('발효', 1)]"
53,53,가야 25,"순곡주 전통방식 이앙주 담금
장군차 증류주

장군차 증류로 부드러운 목 넘김
순곡주 증류로 묵직하고 풍부한 맛과 향이 살아있는 증류주","[['곡주', 2], ['장군', 2], ['증류주', 2], ['증류', 2], ['전통', 1], ['방식', 1], ['앙주', 1], ['담금', 1], ['넘김', 1], ['묵직', 1], ['풍부', 1]]","[('주', 2), ('장군', 2), ('증류주', 2), ('증류', 2), ('방식', 1), ('앙주', 1), ('부드럽', 1), ('묵직', 1), ('풍부', 1)]"
54,54,복순도가 손막걸리,"손막걸리를 담아낸 곡선과
그 속의 백미는
복순도가가 추구하는
한국 전통의 아름다움입니다.
투명한 병은 천연 탄산이
자연히 섞이는 과정을
꾸밈없이 보여주고,
유려한 곡선은 장인의
섬세한 손길을 나타냅니다.

복순도가福川頁都家는
기다림과 정성으로
백미 白眉를 빚어냅니다
천연탄산은
긴 발효의 기다림이 주는
선물입니다","[['곡선', 2], ['백미', 2], ['순도', 2], ['탄산', 2], ['기다림', 2], ['막걸리', 1], ['추구', 1], ['한국', 1], ['전통', 1], ['아름다움', 1], ['투명', 1], ['과정', 1], ['유려', 1], ['장인', 1], ['섬세', 1], ['손길', 1], ['福', 1], ['川', 1], ['頁', 1], ['都家', 1], ['정성', 1], ['白', 1], ['眉', 1], ['발효', 1], ['선물', 1]]","[('곡선', 2), ('백미', 2), ('탄산', 2), ('막걸리', 1), ('순도', 1), ('가가', 1), ('한국', 1), ('아름답', 1), ('유려', 1), ('장인', 1), ('섬세', 1), ('순', 1), ('도가', 1), ('길', 1), ('발효', 1)]"
55,55,고소리술 40,"소주 내리는 기구를 소춧고리 또는 고조리라 하는데
제주도에서는 방언으로 고소리라고 합니다』
고소리술은 좀쏼과 누룩(발효제)으로 빚은 오에기술을
고소리라는 도기를 사용하며 증류시 간
과거 조상들이 즐겨 마셨던 제주 지역의 토속 소주입니다,
약 750년 전 고려시대 때 전파되어
현재까지 전해 내려오는 제주도의 전통주입니다.","[['소주', 2], ['제주도', 2], ['고소리', 2], ['기구', 1], ['춧고리', 1], ['고조', 1], ['리라', 1], ['방언', 1], ['소리', 1], ['쏼과', 1], ['누룩', 1], ['발효제', 1], ['오에', 1], ['기술', 1], ['도기', 1], ['사용', 1], ['증류', 1], ['과거', 1], ['조상', 1], ['제주', 1], ['지역', 1], ['토속', 1], ['750', 1], ['고려', 1], ['시대', 1], ['전파', 1], ['현재', 1], ['전통주', 1]]","[('리라', 2), ('제주도', 2), ('소주', 1), ('고조', 1), ('방언', 1), ('고소리술', 1), ('누룩', 1), ('발효', 1), ('오', 1), ('고소', 1), ('증류', 1), ('제주', 1), ('고려', 1), ('시대', 1), ('전해', 1), ('전통주', 1)]"
56,56,선희10,"선희10은
항아리에서 100일 동안
저온 발효 숙성하는
오렌지 & 중주 사과 막걸리입니다. I

밑술은 죽으로 빚고, 덧술은 잡쌀 고두밥으로 본화하여
약 100일 동안 항아리에서 저온 발효 숙성시커
완성 후 오렌지와 중주 사과를 넣어 어울리도록 만들었습니다.

선의10은 술 큐레이터 1호 'Sunny' 와 최연소로
무영문화재가 된 성영주 제조기능보유자 김영섭 명인의
콜라보레이선으로 탄생한 오렌지 & 중주 사과 블랜닝 막걸리입니다.

술맛이 깔끔하고 산미가 좋으며,
오렌지의 쌉쌀한 양과 사과의 풍미가 특징,
기름진 요리나 양념이 강한 육류와도 잘 어울립니다.","[['오렌지', 4], ['사과', 4], ['중주', 3], ['10', 2], ['항아리', 2], ['100', 2], ['동안', 2], ['저온', 2], ['발효', 2], ['숙성', 2], ['막걸리', 2], ['선희', 1], ['밑술', 1], ['고두밥', 1], ['시커', 1], ['완성', 1], ['큐레이터', 1], ['Sunny', 1], ['연소', 1], ['무영', 1], ['문화재', 1], ['영주', 1], ['제조', 1], ['기능', 1], ['보유자', 1], ['김영섭', 1], ['명인', 1], ['콜라보', 1], ['레이선', 1], ['탄생', 1], ['술맛', 1], ['깔끔', 1], ['산미', 1], ['쌉쌀', 1], ['풍미', 1], ['특징', 1], ['요리', 1], ['양념', 1], ['육류', 1]]","[('오렌지', 4), ('중주', 3), ('사과', 3), ('10', 2), ('항아리', 2), ('발효', 2), ('막걸리', 2), ('선희', 1), ('숙성', 1), ('시커', 1), ('선의', 1), ('최', 1), ('연소', 1), ('영', 1), ('영주', 1), ('김영섭', 1), ('명인', 1), ('콜', 1), ('라보', 1), ('레이', 1), ('깔끔', 1), ('좋', 1), ('기름지', 1), ('강하', 1)]"
57,57,너브내 스파클링 로제 스위트,"샤르망 방식으로 만든 장밋빛의 로제 스파클링 와인으로, 특별한 안주 없이 즐길 수 있으며 달콤한 케이크와 같은 디저트와 함께 드셔도 좋은 스위트 와인입니다.","[['와인', 2], ['샤르망', 1], ['방식', 1], ['장밋빛', 1], ['로제', 1], ['스파클', 1], ['특별', 1], ['안주', 1], ['달콤', 1], ['케이크', 1], ['디저트', 1], ['스위트', 1]]","[('와인', 2), ('스파크', 1), ('특별', 1), ('안주', 1), ('달콤', 1), ('케이크', 1), ('같', 1), ('디저트', 1), ('좋', 1)]"
58,58,감천막걸리,"살아있는 유산균이 가득한 생 막걸리
부드러움 득하고 달콤하고 고소한 막걸 리
술린이를 위한 달달하고 부드러운 막걸리
다양한 과일향과 꽃향을 가득 품은 막걸리
부산 ±벗별쌀 사용으로 지역 농가와 함께 만든 전통 막걸리

샛별처럼 빛나는 쌀은 미질이 우수한 품종의 벼만을
엄선 수매하여 가공처리한 쌀입니다. 샛별쌀의 특징으로는
쌀알이 여물고 굵기가 균일하여 밥맛이 뛰어난 쌀입니다.

본연의 맛은 더 깊게 자연 발효로 풍부한 풍미
쌀, 누룩, 정제수 최상의 원료를 사용, 우유의 부드러움까지

부드리운 목님김과
은은한 단맛의 조화","[['막걸리', 4], ['부드러움', 2], ['사용', 2], ['샛별', 2], ['유산균', 1], ['달콤', 1], ['고소', 1], ['린이', 1], ['다양', 1], ['일향', 1], ['부산', 1], ['지역', 1], ['농가', 1], ['전통', 1], ['미질', 1], ['우수', 1], ['품종', 1], ['엄선', 1], ['수매', 1], ['가공', 1], ['처리', 1], ['특징', 1], ['쌀알', 1], ['굵기', 1], ['균일', 1], ['밥맛', 1], ['본연', 1], ['자연', 1], ['발효', 1], ['풍부', 1], ['풍미', 1], ['누룩', 1], ['정제', 1], ['최상', 1], ['원료', 1], ['우유', 1], ['은은', 1], ['단맛', 1], ['조화', 1]]","[('막걸리', 4), ('부드럽', 3), ('샛별', 2), ('유산', 1), ('달콤', 1), ('고소', 1), ('린', 1), ('이', 1), ('다양', 1), ('일향', 1), ('부산', 1), ('농가', 1), ('미', 1), ('품종', 1), ('가공', 1), ('뛰어나', 1), ('깊', 1), ('발효', 1), ('풍부', 1), ('누룩', 1), ('정제', 1), ('우유', 1), ('김', 1), ('은은', 1), ('단맛', 1), ('조화', 1)]"
59,59,비틀 45,"비틀 45는 알콜 45%의 증류주입니다. 16을 연속증류하여, 오크칩(통)을 사용하여 오크향을 더했습니다","[['45', 2], ['오크', 2], ['비틀', 1], ['알콜', 1], ['증류주', 1], ['16', 1], ['연속', 1], ['증류', 1], ['사용', 1]]","[('오크', 2), ('비틀', 1), ('45', 1), ('증류주', 1), ('연속', 1), ('증류', 1)]"
60,60,비틀 10,"비틀 16은 알콜 16%의 청주입니다. 저온에서 두 번 담금의 윗술로 맑고 투명하고, 깔끔합니다
쌀, 물, 누룩만으로 황색, 로제는 돌배가 원료로 추가되고, 검붉은 색을 띕니다","[['16', 2], ['비틀', 1], ['알콜', 1], ['청주', 1], ['저온', 1], ['담금', 1], ['투명', 1], ['깔끔', 1], ['누룩', 1], ['황색', 1], ['로제', 1], ['돌배', 1], ['원료', 1], ['추가', 1]]","[('비틀', 1), ('16', 1), ('청주', 1), ('온', 1), ('맑', 1), ('깔끔', 1), ('누룩', 1), ('검붉', 1)]"
61,61,비틀 10,"비틀 10은 알콜 10%의 탁주입니다. 저온에서 두 번 담아 3개월 발효, 채주하여 1개월 숙성, 병입합니다.
발효와 숙성과정에서 쌀누룩술의 향미에 떫고 텁텁함이 더해집니다","[['10', 2], ['개월', 2], ['발효', 2], ['숙성', 2], ['비틀', 1], ['알콜', 1], ['탁주', 1], ['저온', 1], ['채주', 1], ['과정', 1], ['쌀누룩', 1], ['향미', 1], ['텁텁', 1]]","[('발효', 2), ('숙성', 2), ('비틀', 1), ('10', 1), ('온', 1), ('주하', 1), ('과정', 1), ('누룩', 1), ('미', 1), ('떫', 1), ('텁텁', 1)]"
62,62,라이스퐁당 13,"부산 찹쌀만을 사용, 감미료 없는 새콤달콤 와인

감미료 없는 새콤달콤 프리미엄 와인
부드러운 산미와 단맛이 은은하게 퍼지는 풍미 가득한 맛
약재가 퐁당 빠진 쌀로 만든 와인

벗드림이 만든 부산 프리미엄 라이스 와인
1000% 전통방식으로 건강하고 정직하게 빚어 저온발효
약재가 퐁당! 삼지구엽초와 감초를 우린물
은은하게 풍기는 약재 향에 부드러운 산미

약재
삼지구엽초와 감초를 더해 은은한 풀내음

바디감
부드러움

성상
밝은 옐로우 컬러

맛의특징
전통방식 발효로 부드러운 산미와 단맛의
밸런스가 뛰어나고 입안 가득 퍼지는 향기로
기품이 느껴지는 맛","[['와인', 4], ['약재', 4], ['산미', 3], ['은은', 3], ['부산', 2], ['감미료', 2], ['새콤달콤', 2], ['프리미엄', 2], ['단맛', 2], ['전통', 2], ['방식', 2], ['발효', 2], ['삼지구엽초', 2], ['감초', 2], ['찹쌀', 1], ['사용', 1], ['풍미', 1], ['드림', 1], ['라이스', 1], ['1000', 1], ['건강', 1], ['정직', 1], ['저온', 1], ['내음', 1], ['바디', 1], ['부드러움', 1], ['성상', 1], ['옐로우', 1], ['컬러', 1], ['특징', 1], ['밸런스', 1], ['입안', 1], ['향기', 1], ['기품', 1]]",[]
63,63,라이스퐁당 17,"부산 찹쌀만을 사용, 감미료 없는 새콤달콤 와인

감미료 없는 새콤달콤 프리미엄 와인
부드러운 산미와 단맛이 은은하게 퍼지는 풍미 가득한 맛
약재가 퐁당 빠진 쌀로 만든 와인

벗드림이 만든 부산 프리미엄 라이스 와인
1000% 전통방식으로 건강하고 정직하게 빚어 저온발효
약재가 퐁당! 삼지구엽초와 감초를 우린물
은은하게 풍기는 약재 향에 부드러운 산미

약재
삼지구엽초와 감초를 더해 은은한 풀내음

바디감
부드러움

성상
밝은 옐로우 컬러

맛의특징
전통방식 발효로 부드러운 산미와 단맛의
밸런스가 뛰어나고 입안 가득 퍼지는 향기로
기품이 느껴지는 맛","[['와인', 4], ['약재', 4], ['산미', 3], ['은은', 3], ['부산', 2], ['감미료', 2], ['새콤달콤', 2], ['프리미엄', 2], ['단맛', 2], ['전통', 2], ['방식', 2], ['발효', 2], ['삼지구엽초', 2], ['감초', 2], ['찹쌀', 1], ['사용', 1], ['풍미', 1], ['드림', 1], ['라이스', 1], ['1000', 1], ['건강', 1], ['정직', 1], ['저온', 1], ['내음', 1], ['바디', 1], ['부드러움', 1], ['성상', 1], ['옐로우', 1], ['컬러', 1], ['특징', 1], ['밸런스', 1], ['입안', 1], ['향기', 1], ['기품', 1]]",[]
64,64,이동 2막,"부드럽게 꺾고
깔끔하게 목을 넘기는
이동 2막
생막걸리

우리 사연에서 찾은 식물성 효모로 만들어
사과, 배, 장미 향과 같은 산뜻하고
꽐끔한 아로마를 선/\卜합LI다.

발효에 따른 생막결리 맛 변화
숨쉬는 효모가 당분을 먹으며 발효를 지속합니다.
보관 기간에 따라 달라지는 생막걸리의 매력을 취향에 맞게 즐겨보세요.","[['막걸리', 2], ['효모', 2], ['발효', 2], ['깔끔', 1], ['이동', 1], ['우리', 1], ['사연', 1], ['식물', 1], ['사과', 1], ['장미', 1], ['산뜻', 1], ['아로마', 1], ['卜', 1], ['LI', 1], ['결리', 1], ['변화', 1], ['당분', 1], ['지속', 1], ['보관', 1], ['기간', 1], ['매력', 1], ['취향', 1]]","[('막걸리', 2), ('효모', 2), ('부드럽', 1), ('깔끔', 1), ('이동', 1), ('사과', 1), ('장미', 1), ('같', 1), ('산뜻', 1), ('아', 1), ('로마', 1), ('LI', 1), ('발효', 1), ('리', 1)]"
65,65,이동 생 찹쌀동동주,"부드러운 단맛과 은은한 꽃향기가 맛과 향의 균형을
이루어 가장 깔끔하면서 끝 맛에 매료되어
‘한 잔 더’가 자연스러운 이동막걸리의 신제품","[['단맛', 1], ['은은', 1], ['꽃향기', 1], ['균형', 1], ['깔끔', 1], ['매료', 1], ['자연', 1], ['이동', 1], ['막걸리', 1], ['제품', 1]]","[('부드럽', 1), ('단맛', 1), ('은은', 1), ('깔끔', 1), ('이동', 1), ('막걸리', 1)]"
66,66,팔팔막걸리,"부담스럽지 않은 바디감
쌀의 담백함 속에 담아낸
다양한 과실향의 행복한 파티","[['부담', 1], ['바디', 1], ['담백', 1], ['다양', 1], ['과실', 1], ['행복', 1], ['파티', 1]]","[('디', 1), ('담백', 1), ('다양', 1), ('과실', 1), ('파티', 1)]"
67,67,임하막걸리,"보여지는 것 보다 드러나는 것이 정직함 입니다

 기다림의 미학
30일 저온숙성으로 장기발효한 임하막걸리

숲속 고요한 곳 임하에서 깊고 깔끔한 맛을 품은 

경북 안동시 임하면에서 빚은 임하막걸리

발의 품격
숙성도에 따른 임하의 맛
1~5일
담백한 단맛!
0
6~14일
탄산의 청량감!
> 15~30일
숙성된 막걸리의 깊은 맛!","[['임하', 4], ['막걸리', 3], ['30', 2], ['숙성', 2], ['정직', 1], ['다림', 1], ['미학', 1], ['온숙', 1], ['장기', 1], ['발효', 1], ['고요', 1], ['깔끔', 1], ['경북', 1], ['안동시', 1], ['임하면', 1], ['품격', 1], ['담백', 1], ['단맛', 1], ['14', 1], ['탄산', 1], ['청량감', 1], ['15', 1]]",[]
68,68,보리수헤는밤,"보리수헤는밤
여름날 빨갛고 노랗게 익어가는
보리수 열매를 보신 적이 있으세요?
달콤하고 새콤하면서도 쌉쌀한
그 보리수 열매가
100일의 기다림 끝에
명주로 태어났습니다

국산 쌀과 국산 보리수로 빚은 과실약주입니다

어릴 때 우연히 친구집에서 보리수열매를 먹어보고
아버지께 보리수나무를 심어달라고 했어요
그렇게 아버지께서 심은 보리수나무가
어느새 양조장 주위에 100그루가 되었네요
언젠가 보리수 열매로 술을 빚어보고 싶다 생각했는데
보리수열매의 단맛과 신맛이 살 어우러져 입맛을
돋아주는 향기로운 술이 탄생했어요
앞으로도 전통주라는 타이틀에 얽매이지 않고
다양한 술을 만들어보고싶어요","[['보리수', 7], ['열매', 5], ['100', 2], ['국산', 2], ['아버지', 2], ['보리수나무', 2], ['여름날', 1], ['달콤', 1], ['새콤', 1], ['쌉쌀', 1], ['기다림', 1], ['명주', 1], ['과실', 1], ['약주', 1], ['친구', 1], ['양조장', 1], ['주위', 1], ['그루', 1], ['생각', 1], ['단맛', 1], ['신맛', 1], ['입맛', 1], ['향기', 1], ['탄생', 1], ['전통주', 1], ['타이틀', 1], ['다양', 1]]","[('보리수', 7), ('열매', 4), ('보리수나무', 2), ('밤', 1), ('빨갛', 1), ('노랗', 1), ('달콤', 1), ('명주', 1), ('과실', 1), ('어리', 1), ('그렇', 1), ('그루', 1), ('보고 싶다', 1), ('단맛', 1), ('앞으로', 1), ('전통주', 1), ('타이틀', 1), ('다양', 1)]"
69,69,별산 스파클링,"별산 스파클링은 화학첨가물을 일체 넣지않고
국내산 우수한 품질의 양주쌀로 만든 순수한 막걸리입니다.
오디 알이 입 안에서 톡톡 터지듯 청량감 넘치는 스파클링 막걸리입니다","[['스파클', 2], ['막걸리', 2], ['화학', 1], ['첨가물', 1], ['국내', 1], ['우수', 1], ['품질', 1], ['양주', 1], ['순수', 1], ['오디', 1], ['청량감', 1]]","[('스파크', 2), ('막걸리', 2), ('품질', 1), ('양주', 1)]"
70,70,사계절,"벼와 보리로 누룩을 만들어 제조
물을 첨가하지 않고 침전물의 20%를 제거하여 가벼운 느낌
가벼운 느낌에 비해 맛과 향의 풍미가 강한 술","[['보리', 1], ['누룩', 1], ['제조', 1], ['첨가', 1], ['침전물', 1], ['20', 1], ['제거', 1], ['느낌', 1], ['풍미', 1]]","[('가볍', 2), ('보리', 1), ('누룩', 1), ('강하', 1)]"
71,71,김천 배금도가,배금도가에서 직접 만든 누룩으로 모두 김천산 무농약 농산물을 사용합니다. 1000일의 기다림으로 만들어진 배금도가 수제 찹쌀 막걸리는 톡 쏘는 청량감과 감칠맛이 경쾌하면서도 입 안에 깔끔히 머물다 사라집니다.,"[['배금', 1], ['누룩', 1], ['김천', 1], ['농약', 1], ['농산물', 1], ['사용', 1], ['1000', 1], ['기다림', 1], ['금도', 1], ['수제', 1], ['찹쌀', 1], ['막걸리', 1], ['청량감', 1], ['감칠맛', 1], ['경쾌', 1]]","[('도가', 1), ('누룩', 1), ('김', 1), ('천산', 1), ('농약', 1), ('찹쌀', 1), ('막걸리', 1), ('감칠맛', 1), ('경쾌', 1)]"
72,72,N와인 사과,"반딧불이가 날아다니고 맑은 날 밤하늘 별이
가득한 영동군 추풍령에서
2002년 부터 친환경 농법으로 농사를 짓고 있는
산사과농장에서 GAP인증받고
잔류농약 중금속 걱정 없는 과일로
만든 사과와인입니 다.
추풍령 산사과 농장에서 생산된 사과는
친환경농법의 안전한 부사사과이며,
항산화 물질 안토시아닌 함유가
높은 사과로 와인을 만들고 있습니다.
과일의 여왕답게 여성에게 인기 많은 사과 와인입니다.","[['사과', 7], ['추풍령', 2], ['친환경', 2], ['농법', 2], ['농장', 2], ['과일', 2], ['와인', 2], ['반딧불이', 1], ['밤하늘', 1], ['영동군', 1], ['2002', 1], ['농사', 1], ['GAP', 1], ['인증', 1], ['잔류', 1], ['농약', 1], ['중금속', 1], ['걱정', 1], ['인입', 1], ['생산', 1], ['안전', 1], ['부사', 1], ['항산', 1], ['물질', 1], ['안토시아닌', 1], ['함유', 1], ['여왕', 1], ['여성', 1], ['인기', 1]]","[('사과', 3), ('와인', 3), ('추풍령', 2), ('친환경', 2), ('농장', 2), ('반딧불', 1), ('이', 1), ('맑', 1), ('밤하늘', 1), ('영동군', 1), ('인증', 1), ('농약', 1), ('중금속', 1), ('없', 1), ('부사', 1), ('항산', 1), ('안토시아닌', 1), ('높', 1), ('과일', 1), ('많', 1)]"
73,73,고타서프,바다에 온 듯 시원한 독특한 산미의 무첨가 막걸리,"[['바다', 1], ['시원', 1], ['독특', 1], ['산미', 1], ['첨가', 1], ['막걸리', 1]]","[('시원', 1), ('독특', 1), ('미', 1), ('막걸리', 1)]"
74,74,보은주,"밑술은 구멍떡, 덧술은 충주 노은집卜쌀(백옥)로 빚어
6개월간 항아리에서 저온 발효 숙성하여
옛 전통주 제조방식 그대로 만듭니다.

쿡피아 대표이자 방송인인 이보은 요리연구가와
충북무형문화재 청명주 제조21능보유자 김영섭 명인이
함께 연구 개발한 '보은주'
이름처럼 은혜에 감사하는 마음을 전하기 좋은 전통주입 니다.

보은주는 부드러운 질감으로 특히 한식요리와 잘 어울립 니다.
고급스러운 은은한 단맛과 적당한 산미가 조화롭고,
배 포도 참외 계열의 잘 익은 과일향이 나는 것이 특징입니다.","[['전통주', 2], ['제조', 2], ['요리', 2], ['밑술', 1], ['구멍', 1], ['충주', 1], ['노은', 1], ['卜', 1], ['백옥', 1], ['개월', 1], ['항아리', 1], ['저온', 1], ['발효', 1], ['숙성', 1], ['방식', 1], ['대표', 1], ['방송인', 1], ['연구가', 1], ['충북', 1], ['무형문화재', 1], ['청명주', 1], ['21', 1], ['보유자', 1], ['김영섭', 1], ['명인', 1], ['연구', 1], ['개발', 1], ['보은주', 1], ['이름', 1], ['은혜', 1], ['감사', 1], ['마음', 1], ['질감', 1], ['한식', 1], ['울립', 1], ['고급', 1], ['은은', 1], ['단맛', 1], ['적당', 1], ['산미', 1], ['조화', 1], ['포도', 1], ['참외', 1], ['계열', 1], ['일향', 1], ['특징', 1]]","[('전통주', 2), ('요리', 2), ('주', 2), ('니다', 2), ('구멍', 1), ('충주', 1), ('노', 1), ('은', 1), ('항아리', 1), ('발효', 1), ('방식', 1), ('이보', 1), ('연구', 1), ('가와', 1), ('충북', 1), ('무형문화재', 1), ('청명', 1), ('김영섭', 1), ('명인', 1), ('보', 1), ('은주', 1), ('좋', 1), ('부드럽', 1), ('질감', 1), ('한식', 1), ('울', 1), ('은은', 1), ('단맛', 1), ('적당', 1), ('포도', 1), ('참외', 1)]"
75,75,모든날에,"밑술 한 번에 덧술을 두 번 덧하는 삼양주법으로 빚는
모든날에 약주는 영도 이하의 극저온에서 120일을 숙성하여
맑고 깨끗하며 그윽한 향이 일품입 니다.
저온 침전여과 방식으로 풍미를 살리고, 찹쌀의 단맛과
발효에서 오는 산미의 조화는 목 넘김이 좋은 약주 그대로입니다.
기본에 충실하며 모든 과정마다 정성을 다하는
양양술곳간의 모든날에

강원도 양양군 강현면에서 빚어진,
깔끔하고 부드러운 풍미 좋은 전통주.
청정한 양양 지역 햅쌀로 첨가제없이
물 누룩으로 정성을 다하여 빚는
고품격 삼양주 입니다.","[['약주', 2], ['풍미', 2], ['정성', 2], ['양양', 2], ['밑술', 1], ['삼양', 1], ['주법', 1], ['이하', 1], ['극저온', 1], ['120', 1], ['숙성', 1], ['깨끗', 1], ['그윽', 1], ['일품', 1], ['침전', 1], ['방식', 1], ['찹쌀', 1], ['단맛', 1], ['발효', 1], ['산미', 1], ['조화', 1], ['넘김', 1], ['기본', 1], ['과정', 1], ['곳간', 1], ['강원도', 1], ['양양군', 1], ['강현면', 1], ['깔끔', 1], ['전통주', 1], ['청정', 1], ['지역', 1], ['햅쌀', 1], ['첨가제', 1], ['누룩', 1], ['고품격', 1], ['양주', 1]]","[('좋', 2), ('양양', 2), ('밑수', 1), ('삼양', 1), ('영도', 1), ('온', 1), ('맑', 1), ('깨끗', 1), ('그윽', 1), ('니다', 1), ('침전', 1), ('여과', 1), ('찹쌀', 1), ('단맛', 1), ('발효', 1), ('미', 1), ('곳간', 1), ('강원도', 1), ('양양군', 1), ('강현면', 1), ('깔끔', 1), ('부드럽', 1), ('전통주', 1), ('누룩', 1), ('양주', 1)]"
76,76,봇뜰 탁주,"밀가루와 쌀가루를 혼합하여 만든 백곡
이양주로 막걸리보다 단맛이 강한 술
봇뜰 제품들중 가장 가볍게 즐길수 있는 제품","[['제품', 2], ['밀가루', 1], ['쌀가루', 1], ['혼합', 1], ['백곡', 1], ['양주', 1], ['막걸리', 1], ['단맛', 1]]","[('밀가루', 1), ('양주로', 1), ('막걸리', 1), ('단맛', 1), ('강하', 1), ('가볍', 1)]"
77,77,문경새재페일에일,"몰트의 느낌과 함께 뚜렷하게 홉 향을 느낄 수 있는 페일에일입니다. 수제맥주를 처음 접하는 분들에게도 큰 거부감 없이 홉의 향을 전달할 수 있으며, 맥주의 무게감 역시 덜하지도 과하지도 않습니다.

홉 향과 몰트의 맛을 부담없이 느끼고 싶은 분에게 추천합니다","[['몰트', 2], ['맥주', 2], ['느낌', 1], ['뚜렷', 1], ['페일', 1], ['수제', 1], ['부감', 1], ['전달', 1], ['무게', 1], ['추천', 1]]","[('맥주', 2), ('뚜렷', 1), ('페이', 1), ('에일', 1), ('크', 1), ('무게', 1), ('덜하', 1)]"
78,78,매실 향기 담은 술,"명세주가의 매향술은

 '매실 향기 담은 술'이라는 뜻을 가지고 있습니다.

  ‘옛날 신선이 농사를 지으며 술을 마시며 놀았다’라는

 전설이 있는 한시울 한시울의 대표 약주 매향술은 이름

 만큼이나 아름답고 고품이 있습니다.

술을 빚는 재료 중 가장 중요한 것은 쌀입니다. 

명세주가의 한시울은 청원생명쌀의 고장인 청원군 가덕면 

한계리에서 경영주가 직접 농사 짓고 있으며, 600년전 

전통 방식 그대로 증류식 소주를 빚고 있습니다.



 우리 고장의 밥 맛 좋은 청원의 명품쌀만을 고집하여,

 100% 우리 쌀로 막걸리를 만들기 때문에 막걸리가 맑고

 깨끗하며 맛이 부드럽습니다.  결과 이미 충청북도 

지역 많은 소비자들의 호응을 얻고 있습니다.









   숙취 후 머리가 아프지 않은 전통주
일반적인 시중에 판매되는 마시면 소주는

 숙취 후 머리가 아픈 경우가 많은데, 

명세주가 매향술은 가양주 전통 방식으로 

만들었기 때문에 부드러운 목넘김과 맛이 훌륭하며, 

숙취후에도 머리가 아프지 않습니다.","[['명세', 3], ['주가', 3], ['매향', 3], ['시울', 3], ['숙취', 3], ['머리', 3], ['농사', 2], ['청원', 2], ['고장', 2], ['전통', 2], ['방식', 2], ['소주', 2], ['우리', 2], ['막걸리', 2], ['때문', 2], ['매실 향기 담은 술', 1], ['옛날', 1], ['신선', 1], ['전설', 1], ['대표', 1], ['약주', 1], ['이름', 1], ['고품', 1], ['재료', 1], ['중요', 1], ['생명', 1], ['청원군', 1], ['가덕', 1], ['계리', 1], ['경영주', 1], ['600', 1], ['증류', 1], ['명품', 1], ['고집', 1], ['100', 1], ['깨끗', 1], ['결과', 1], ['충청북도', 1], ['지역', 1], ['소비자', 1], ['호응', 1], ['전통주', 1], ['일반', 1], ['시중', 1], ['판매', 1], ['경우', 1], ['가양주', 1], ['넘김', 1], ['훌륭', 1]]",[]
79,79,면천 두견주,"면전두견주는 밑술 빚는 날로부터 발효와 숙성에 이어 침전과 저장에 이르기까지 100일간이라는
장기 공정에 의해 생산, 판매되는 전통주이다.
국내의 전통취발효주) 가운데서는 가장 높은 알코올로 도수 1匿로, 높은 주도에도 불구하고
'밋이 부드럽고 감칠맛이 좋다는 평가를 듣고 있다.","[['면전', 1], ['두견주', 1], ['밑술', 1], ['발효', 1], ['숙성', 1], ['침전', 1], ['저장', 1], ['100', 1], ['장기', 1], ['공정', 1], ['생산', 1], ['판매', 1], ['전통주', 1], ['국내', 1], ['전통', 1], ['취발', 1], ['효주', 1], ['가운데', 1], ['알코올', 1], ['도수', 1], ['匿', 1], ['주도', 1], ['불구', 1], ['감칠맛', 1], ['평가', 1]]","[('높', 2), ('면전', 1), ('두견', 1), ('주', 1), ('밑수', 1), ('발효', 1), ('숙성', 1), ('침전', 1), ('전통주', 1), ('알코올', 1), ('불구', 1), ('부드럽', 1), ('감칠맛', 1), ('좋', 1)]"
80,80,매화깊은밤,"매화 깊은 밤
한겨울의 매서운 추위를 이겨 내고
고고하게 피어난 매화
그 향기를 머금어 열매를 맺고,
100일의 기다림 끝에
명주로 태어났습니다.

국산 쌀과 국산 매실로 빚은 과실약주입니다.

평소에 좋아하던 매실차 같은 부드러움을 지닌
우리의 약주를 표현하고 싶었어요.
와인같기도 하고, 식전주로도 손색이 없는
입맛을 돋을 수 있는 매화의깊은방을 만들기 위해
100일동안의 정성이 더해졌습니다.
달콤하면서도 새콤하고 고소한 매화깊은방이
많은 분들,게 사랑받았으면 좋겠어요","[['매화', 4], ['100', 2], ['국산', 2], ['약주', 2], ['겨울', 1], ['추위', 1], ['고고', 1], ['향기', 1], ['열매', 1], ['기다림', 1], ['명주', 1], ['매실', 1], ['과실', 1], ['평소', 1], ['매실차', 1], ['부드러움', 1], ['우리', 1], ['표현', 1], ['와인', 1], ['식전', 1], ['손색', 1], ['입맛', 1], ['동안', 1], ['정성', 1], ['달콤', 1], ['새콤', 1], ['고소', 1], ['사랑', 1]]","[('깊', 3), ('같', 2), ('방', 2), ('겨울', 1), ('매섭', 1), ('고고', 1), ('명주', 1), ('과실', 1), ('부드럽', 1), ('와인', 1), ('전주', 1), ('없', 1), ('동안', 1), ('달콤', 1), ('고소', 1), ('많', 1), ('좋', 1)]"
81,81,매취순,"매실주 만들기 40년 

 최고의 술은 좋은 재료와 뛰어난 기술, 그리고 시간의 숙성을 통해 탄생합니다.

1980년부터 매실주에 공들인 40년의 전통과 한겹한겹 쌓인 기술의 정수가 최소 5년의 숙성을 거친 매취순을 신뢰하게 합니다.



직접 키운 고품질의 재료 

전라남도 해남의 보해 매실농원의 최상급 청매실은 매취순의 원료입니다.

땀과 노력으로 직접 키운 원료와 최소 숙성기간 5년(매취순 오리지널)이란 엄격한 기준을 통과해 만들어지는 제품이 바로 매취순입니다.



시간의 무게로 빚은 깊은 숙성의 맛 

시간의 무게로 숙성의 깊이를 더한 숙성 매취순을 만들 수 있는 곳은 오직 보해양조 뿐입니다.

보해양조는 한층 더 특별한 매취순을 찾는 분들을 위해 ‘10년 숙성 매취순’, ‘12년 숙성 매취순’, ‘15년 숙성 매취순’을 선보이고 있습니다.","[['숙성', 9], ['매취', 9], ['시간', 3], ['매실주', 2], ['40', 2], ['재료', 2], ['기술', 2], ['최소', 2], ['매실', 2], ['원료', 2], ['무게', 2], ['양조', 2], ['’,', 2], ['최고', 1], ['탄생', 1], ['1980', 1], ['전통', 1], ['정수', 1], ['신뢰', 1], ['고품질', 1], ['전라남도', 1], ['해남', 1], ['보해', 1], ['농원', 1], ['최상급', 1], ['노력', 1], ['기간', 1], ['오리지널', 1], ['엄격', 1], ['기준', 1], ['통과', 1], ['제품', 1], ['깊이', 1], ['특별', 1], ['10', 1], ['12', 1], ['15', 1]]","[('숙성', 9), ('매실주', 2), ('재료', 2), ('보해양조', 2), ('좋', 1), ('뛰어나', 1), ('40년', 1), ('한', 1), ('정수', 1), ('5년', 1), ('품질', 1), ('전라남도', 1), ('해남', 1), ('보해', 1), ('청매', 1), ('실', 1), ('기간', 1), ('이란', 1), ('엄격', 1), ('깊', 1), ('특별', 1), ('10년', 1), ('12년', 1), ('15년', 1)]"
82,82,봇뜰 홍주,"맑은술만 채주해 증류한 증류식 소주
동재질의 상압증류기를 사용
항아리에서 3년간 숙성시켜 부드럽고 깊은 감칠맛","[['증류', 2], ['채주', 1], ['소주', 1], ['동재질', 1], ['상압', 1], ['증류기', 1], ['사용', 1], ['항아리', 1], ['숙성', 1], ['감칠맛', 1]]","[('증류', 2), ('맑', 1), ('한', 1), ('소주', 1), ('항아리', 1), ('3년', 1), ('부드럽', 1), ('깊', 1), ('감칠맛', 1)]"
83,83,삼천갑자 동방주,"뒷맛없이 깔끔한,
어린새싹삼을 품고 있는
고급전툥주

갑자년(甲子年)을 삼천번 겪으며 18만살을
살았다는 데에서 삼천갑자동방주를 드시는
모든 분들이 행복하고 오래 사시라는
기원을 담았습니다

인삼특유의 풍미가 부드럽게 맴도는
수경재배한 새싹삼의 잎과 줄21에 높게 분포된! 사포닌(진세노사01드)까지
인삼 전체의 맛과 효능을 느껴보실 수 있습니다.

마냥 약주로만 생각되던 인삼주를 세련되고 쉽게 접할 수 있도록
젊은 감성을 더해 완성하였습니다. 이제는 인삼주를 오래된 약주가 아닌
가볍게 즐길 수 있는 반주처럼 즐겨보서요

18도의 높지 않고순한도수로
향긋하고 부드러운 목넘김
인삼주의 독하고 센 높은 도수를 가진 이미지를 탈피한
18도의 순한 도수로 향긋하고 가볍게 인삼주를 즐겨보서요
더욱 맛있게 드시고 싶다면, 15도 이하로 시원하게 드셔보세요!","[['인삼주', 4], ['18', 3], ['도수', 3], ['새싹', 2], ['인삼', 2], ['약주', 2], ['향긋', 2], ['뒷맛', 1], ['깔끔', 1], ['고급', 1], ['툥주', 1], ['자년', 1], ['甲', 1], ['子年', 1], ['자동', 1], ['방주', 1], ['행복', 1], ['사시', 1], ['기원', 1], ['특유', 1], ['풍미', 1], ['수경', 1], ['재배', 1], ['21', 1], ['분포', 1], ['사포닌', 1], ['진세', 1], ['노사', 1], ['01', 1], ['전체', 1], ['효능', 1], ['생각', 1], ['감성', 1], ['완성', 1], ['반주', 1], ['넘김', 1], ['이미지', 1], ['탈피', 1], ['15', 1], ['이하', 1], ['시원', 1]]","[('인삼', 6), ('높', 3), ('부드럽', 2), ('드', 2), ('가볍', 2), ('도의', 2), ('향긋', 2), ('깔끔', 1), ('어리', 1), ('삼천', 1), ('동방', 1), ('21', 1), ('사포닌', 1), ('세련', 1), ('쉽', 1), ('젊', 1), ('반주', 1), ('고순', 1), ('한도', 1), ('수로', 1), ('주의', 1), ('독하', 1), ('세', 1), ('순하', 1), ('맛있', 1), ('15', 1), ('시원', 1), ('시', 1)]"
84,84,WON SOJU CLASSIC,"동증류기 상압방식으로 증류하여
풍부한 아로마와 깊고 부드러운 맛이 특징인 전통 증류식 소주","[['증류', 2], ['증류기', 1], ['상압', 1], ['방식', 1], ['풍부', 1], ['아로마', 1], ['특징', 1], ['전통', 1], ['소주', 1]]","[('증류', 2), ('풍부', 1), ('아', 1), ('로마', 1), ('깊', 1), ('부드럽', 1), ('소주', 1)]"
85,85,대담13,"대밭고을의 막걸리는 아스파탐이 없는 막걸리로
인공미가 아닌 자연스러음을 빚습니다.
진심을 빚는 대밭고을 전투주 대담 13
아스파탐 없는 수제 막걸리

다발고을의 전통주 수제막걸리는 신맛을 선호하지 않으시는 분들께 더욱 추천드립니다.
또한 누룩을 최소한으로 사용하여 누룩 특유의 텁텁한맛이 없이 깔끔합니다.","[['막걸리', 4], ['고을', 3], ['대밭', 2], ['아스파탐', 2], ['수제', 2], ['누룩', 2], ['인공미', 1], ['자연', 1], ['진심', 1], ['전투', 1], ['대담', 1], ['13', 1], ['다발', 1], ['전통주', 1], ['신맛', 1], ['선호', 1], ['추천', 1], ['최소한', 1], ['사용', 1], ['특유', 1], ['텁텁', 1], ['깔끔', 1]]","[('막걸리', 4), ('아스파탐', 2), ('없', 2), ('누룩', 2), ('인공', 1), ('미', 1), ('전투', 1), ('주', 1), ('전통주', 1), ('텁텁', 1), ('깔끔', 1)]"
86,86,고타다이브,"담백하고 진한 인생의 맛
삼양주로 빚어낸 무첨가 막걸리

이 시대의 젊은 술로 다시 태어나길 바라며
전통 삼양주 기법으로 빚고 새로운 감성을 담아 만들었습니다.
세 번 빚는다는 뜻의 삼양주 기법으로
강원도 햅쌀을 사용해 빚은 고다 시리즈 막걸리는
부드럽지만 나약하지 않은 6도의 상쾌한 풍미와
자연스럽고 기분 좋게 마실 수 있는 우리 막걸리입니다.","[['양주', 3], ['막걸리', 3], ['기법', 2], ['담백', 1], ['인생', 1], ['첨가', 1], ['시대', 1], ['전통', 1], ['감성', 1], ['강원도', 1], ['햅쌀', 1], ['사용', 1], ['고다', 1], ['시리즈', 1], ['나약', 1], ['상쾌', 1], ['풍미', 1], ['자연', 1], ['기분', 1], ['우리', 1]]","[('막걸리', 3), ('양주', 2), ('담백', 1), ('진한', 1), ('양주로', 1), ('젊', 1), ('새롭', 1), ('강원도', 1), ('시리즈', 1), ('부드럽', 1), ('나약', 1), ('도의', 1), ('상쾌', 1), ('좋', 1)]"
87,87,고타하이크,"달콤한 꿀 듬뿍
스트레스 제로 진정한 꿀맛","[['달콤', 1], ['스트레스', 1], ['진정', 1], ['꿀맛', 1]]","[('달콤', 1), ('스트레스', 1), ('제로', 1), ('진정', 1), ('꿀맛', 1)]"
88,88,단상지교,"단상지교는 좋은 재료와 오랜 전통을 이어온 발
효기법으로 만들며 인공 감미료를 넣지 않아 삼양주
특유의 풍부한 맛과 향이 특징입니다. 첫 잔은 향을
음미하고 한 모금 입에 굴리며 느껴지는 단맛과 기
분 좋게 입안을 감도는 산미를 즐겨 보세요.
1. 향미 : 단상지교는 술을 세번 빚는 삼양주 특유의 향미가
풍부합니다.
2. 단맛 : 인공감미료를 쓰지 않아 인위적이지 않고 풍부한
단맛이 특징입니다.
3. 도수 : 16도의 알코올 도수로 그냥 마셔도 좋지만 취향'것
칵테일로 마셔도 좋습니다.
4. 신맛 : 은은하게 입안에 남는 절제된 산미가 일품이어서
다양한 안주와도 잘 어울립니다.
5. 바디감 : 물을 타지 않아 발효 과정에서 생성된 자연스러운
바디감이 특징입니다.","[['풍부', 3], ['특징', 3], ['단맛', 3], ['단상', 2], ['지교', 2], ['양주', 2], ['특유', 2], ['입안', 2], ['산미', 2], ['향미', 2], ['바디', 2], ['재료', 1], ['전통', 1], ['효기', 1], ['인공', 1], ['감미료', 1], ['음미', 1], ['모금', 1], ['인공감미료', 1], ['인위', 1], ['도수', 1], ['16', 1], ['알코올', 1], ['취향', 1], ['칵테일', 1], ['신맛', 1], ['은은', 1], ['절제', 1], ['일품', 1], ['다양', 1], ['안주', 1], ['발효', 1], ['과정', 1], ['생성', 1], ['자연', 1]]","[('좋', 4), ('풍부', 3), ('단맛', 3), ('인공', 2), ('감미료', 2), ('양주', 2), ('미', 2), ('디', 2), ('재료', 1), ('세번', 1), ('도의', 1), ('알코올', 1), ('칵테일', 1), ('은은', 1), ('다양', 1), ('안주', 1), ('와도', 1), ('발효', 1)]"
89,89,너브내 화이트 드라이 와인,"다른 화이트와인에서는 찾아보기 힘든 황금빛!
맑고 투명한 오크빛이 감도는 진한 금빛을 띠고 있으며 글라스에 담긴 와인을 눈으로 즐기는 것 만으로 고급스러운 맛을 짐작케 하는 컬러의 와인입니다.
또한 청향포도의 특징을 지닌 독특한 아로마로 생과일을 먹는 듯한 풍부한 머스켓 향과 은은한 오크향의 조화는 한가지 향만을 지닌 단순함에서 벗어나 와인을 즐기는 내내 다양한 과일향과 코끝에 스치는 오크향은 마치 숲속을 거닐 듯 평화롭게 다가옵니다.
오크숙성으로 짙어진 스모키향과 더불어 마지막 빈 잔에서는 달콤하면서도 고소한 초콜릿 향을 느낄 수 있습니다.

맑고 투명한 금빛이 특징으로 '청향'청포도의 특징인 머스캣 향과, 은은한 오크 숙성으로 짙어진 스모키 향을 느낄 수 있습니다","[['오크', 5], ['와인', 4], ['특징', 3], ['투명', 2], ['금빛', 2], ['청향', 2], ['은은', 2], ['숙성', 2], ['스모키', 2], ['화이트', 1], ['황금빛', 1], ['글라스', 1], ['고급', 1], ['짐작', 1], ['컬러', 1], ['포도', 1], ['독특', 1], ['아로마', 1], ['생과일', 1], ['풍부', 1], ['머스켓', 1], ['조화', 1], ['가지', 1], ['단순', 1], ['양한', 1], ['일향', 1], ['평화', 1], ['마지막', 1], ['달콤', 1], ['고소', 1], ['초콜릿', 1], ['청포도', 1], ['머스캣', 1]]","[('오크', 5), ('와인', 4), ('맑', 2), ('은은', 2), ('숙성', 2), ('짙', 2), ('스모키', 2), ('화이트', 1), ('힘들', 1), ('진한', 1), ('컬러', 1), ('포도', 1), ('독특', 1), ('아로', 1), ('마로', 1), ('과일', 1), ('풍부', 1), ('단순', 1), ('다양', 1), ('일향', 1), ('달콤', 1), ('고소', 1), ('초콜릿', 1), ('청', 1), ('청포도', 1), ('머스캣', 1)]"
90,90,능이주,"능이주는 능이의 독특한 향을 그대로 담고 있어 내공이 깊은 매니아층을 보유할 뿐만 아니라
2007년 캘리포니아 리버사이드 국제 와인대회에서 동상을 수상한 자랑스러운 이력까지 가지고 있습니다.
또한 2018년 평창올림픽 공식 만찬주로 선정되어 이름을 떨쳤습니다.
능이주는 한 모금 입에 넣으면 부드러운 향이 퍼치는 능이 본연의 향을 살려
고기나 기름진 음식에 곁들이면 가장 좋습니다.","[['능이', 2], ['독특', 1], ['내공', 1], ['매니아', 1], ['보유', 1], ['2007', 1], ['캘리포니아', 1], ['리버사이드', 1], ['국제', 1], ['와인', 1], ['대회', 1], ['동상', 1], ['수상', 1], ['자랑', 1], ['이력', 1], ['2018', 1], ['평창', 1], ['올림픽', 1], ['공식', 1], ['찬주', 1], ['선정', 1], ['이름', 1], ['모금', 1], ['본연', 1], ['고기', 1], ['음식', 1]]","[('이주', 2), ('이', 1), ('독특', 1), ('내공', 1), ('깊', 1), ('캘리포니아', 1), ('리버사이드', 1), ('와인', 1), ('수상', 1), ('이력', 1), ('평창', 1), ('올림픽', 1), ('만찬', 1), ('주', 1), ('부드럽', 1), ('기름지', 1), ('좋', 1)]"
91,91,봇뜰 막걸리,"높은 도수의 십칠주를 10도로 낮춘 술
십칠주보다 가볍게 즐길 수 있는 술
가볍고 새콤한 맛","[['도수', 1], ['10', 1], ['새콤', 1]]","[('가볍', 2), ('높', 1), ('도로', 1)]"
92,92,마셔블랑 스프링,"농축액이 아닌 껍질을 벗긴 제주 감귤과 한라봉을
100% 착즙해 그대로 발효시켰습니다.
완연한 봄 기운이 느끼지는 4~5월에 감귤꽃에서 꿀벌이 채취한
감귤꽃꿀도 함께 넣어 저온 발효와 저온 숙성으로
감귤꽃의 풍미와 조화를 봄의 꽃향기처럼 느낄 수 있습니다.","[['감귤', 4], ['발효', 2], ['저온', 2], ['농축', 1], ['껍질', 1], ['제주', 1], ['한라', 1], ['100', 1], ['착즙', 1], ['완연', 1], ['기운', 1], ['꿀벌', 1], ['채취', 1], ['꽃꿀', 1], ['숙성', 1], ['풍미', 1], ['조화', 1], ['꽃향기', 1]]","[('제주', 1), ('완연', 1), ('꿀벌', 1), ('꽃꿀', 1), ('발효', 1), ('숙성', 1)]"
93,93,수삼 23,농약을 쓰지 않고 직접 재배하며 인삼의 약효가 가장 뛰어난 5년근 이상의 인삼을 분쇄하여 쌀과 누룩을 함께 저온발효시킨 전통주로서 세계 여러나라와 비견해도 손색이 없는 명주입니다. 연한 황갈색의 술빛의 인삼향이 입 안에 넣으면 단맛보다는 산미가 느껴지는 가벼운 목넘김과 입 안에 남는 미세한 쓴맛이 음식을 당기게 합니다.,"[['인삼', 3], ['농약', 1], ['재배', 1], ['약효', 1], ['이상', 1], ['분쇄', 1], ['누룩', 1], ['저온', 1], ['발효', 1], ['전통주', 1], ['세계', 1], ['나라', 1], ['견해', 1], ['손색', 1], ['명주', 1], ['황갈색', 1], ['단맛', 1], ['산미', 1], ['넘김', 1], ['미세', 1], ['쓴맛', 1], ['음식', 1]]","[('인삼', 3), ('뛰어나', 1), ('5년', 1), ('누룩', 1), ('온', 1), ('전통주', 1), ('나라', 1), ('없', 1), ('명주', 1), ('연하', 1), ('황', 1), ('갈색', 1), ('단맛', 1), ('가볍', 1), ('미세', 1)]"
94,94,금산인삼주 약주,"농약을 쓰지 않고 직접 재배하며 인삼의 약효가 가장 뛰어난 5년근 이상의 인삼을 분쇄하여 쌀과 누룩을 함께 저온발효시킨 전통주로서 세계 여러나라와 비견해도 손색이 없는 명주입니다.

연한 황갈색의 술빛의 인삼향이 입 안에 넣으면 단맛보다는 산미가 느껴지는 가벼운 목넘김과 입 안에 남는 미세한 쓴맛이 음식을 당기게 합니다.","[['인삼', 3], ['농약', 1], ['재배', 1], ['약효', 1], ['이상', 1], ['분쇄', 1], ['누룩', 1], ['저온', 1], ['발효', 1], ['전통주', 1], ['세계', 1], ['나라', 1], ['견해', 1], ['손색', 1], ['명주', 1], ['황갈색', 1], ['단맛', 1], ['산미', 1], ['넘김', 1], ['미세', 1], ['쓴맛', 1], ['음식', 1]]","[('인삼', 3), ('뛰어나', 1), ('5년', 1), ('누룩', 1), ('온', 1), ('전통주', 1), ('나라', 1), ('없', 1), ('명주', 1), ('연하', 1), ('황', 1), ('갈색', 1), ('단맛', 1), ('가볍', 1), ('미세', 1)]"
95,95,녹파주,"녹파주는 우리나라 최초로 발간된! 요리책인 [산가요록]에 실려 있던 고려시대의 대표주입니다.
음식디미방, 규합총서, 증보산림경제 등 여러 고문헌에 수록된! 녹파주를
농진청과 함께 복원하고 현대화시켜 탄생한 술입니다

잔에 담긴 모습이 마치 거울에 비진 푸른 파도와 같다하여 이름이 붙여진 녹파주는
농촌진흥청과 함께 여러 책에 있는 제조법을 비교해 가며 현대인에 맞게 재해석한 고급 약주로써
깔끔함과 풍미, 그리고 세련됨이 담겨져 있습니다.
달지않은 목넘김은 당신이 드시는 음식의 완성도를 더욱 높여드릴 것 입니다.",,"[('녹파주', 3), ('우리나라', 1), ('산가요록', 1), ('고려', 1), ('시대', 1), ('음식디미방', 1), ('규합총서', 1), ('증보산림경제', 1), ('거울', 1), ('푸른', 1), ('파도', 1), ('같', 1), ('현대인', 1), ('깔끔', 1), ('세련', 1)]"
96,96,참주가 딸링,"나주딸기,나주쌀수제입국으로 만든 프리미엄 막걸리 기분
좋은 딸기의 맛과 향 그리고 깔끔하게 마무리되는 끝맺음에
편하게 마실수 있는 개주일한 술

딸기술의 효능
딸기술은 몸이 허약한 사람이 먹으면 원기가 회복된다고 한다.
딸기에는 「비타민」 C가다량으로들어있고 「호르몬」 조절을 하는부신피질의기능을왕성
하게 하므로 체력을 증진시기고 피부를 아름답게 하며 혈액을 맑게 하는 작용도 한다.
비타민C가 다량 함유되어 있으며 쿠엔산, 포도당, 과당 등도 함유되어있기 때문에 환자나 특기,
회복 단계에 있는 사람의 영양 보급과 원기회복에 효과가 있다. 비타민C는 약품으로 먹는 것 보
다 천연식품으로 섭취하는 것이 더욱 효과적이다.
딸기술은 더운 여름날에는 얼음에 타서 시원하게 마시면 갈증을 없애주고, 여성들의 피부를 부
드럽고 아름답게 하는데 도움을 준다.",,"[('딸기', 3), ('비타민', 3), ('나주', 2), ('원기', 2), ('아름답', 2), ('프리미엄', 1), ('막걸리', 1), ('좋', 1), ('깔끔', 1), ('편하', 1), ('주일', 1), ('한', 1), ('허약', 1), ('호르몬', 1), ('부신피질', 1), ('맑', 1), ('포도', 1), ('당', 1), ('영양', 1), ('회복', 1), ('덥', 1), ('얼음', 1), ('시원', 1), ('드럽', 1)]"
97,97,꿀샘16,"꿀샘은 100% 국내산 천연꿀을 첨가한 부드러운 꿀 리큐르인데, 달콤한 벌꿀향이 일품이며 적당한 단맛과 다양한 향의 밸런스가 매우 좋다.
알코올 도수가 16도로 일반 소주와 비슷하지만 역하게 느껴질 수 있는 알코올 냄새 대신 은은한 벌꿀 향을 느낄 수 있는 제품이다. 그만큼 목 넘김 또한 부드럽기 때문에 남녀 모두 술자리에서 부담 없이 즐길 수 있다.
또한 생강을 침출해 넣어 술의 단조로움을 없애면서도 매운맛과 아린 향이 튀지 않게 만들어 부드러움을 지켰다. 

*페어링음식:　디저트종류, 샐러드등 가벼운 음식 또는 돼지고기류와도 꿀과 궁합이 좋다.",,[]
98,98,양지백주,"깨끗하고 순수한 우리 술.
첨가제 없이 청정 양양의 쌀과 누룩으로 정성을 다하여 빚어
저온 발효숙성한 프리미엄 전통주입니다.

한 달여의 긴 발효 기간으로 충분히 익히고
단맛, 신맛의 적절한균형감과
입안에 퍼지는 감칠맛을 결정 짓는 30일간의 저온 숙성
기본에 충실하며 모든과정마다 정성을 다하는
양양술곳간의 양지 백주

강원도 양양군 강현면에서 빚고있는
부드럽고 고소한 풍미를 지닌 탁주,막걸리…
청정한 양양지역 햅쌀로 첨가제 없이
물 누룩으로 정성을 다하여 믿어 내는
고품격 삼양주 입니다.",,"[('양양', 2), ('누룩', 2), ('발효', 2), ('숙성', 2), ('깨끗', 1), ('청정', 1), ('한', 1), ('프리미엄', 1), ('전통주', 1), ('길', 1), ('단맛', 1), ('적절', 1), ('감과', 1), ('감칠맛', 1), ('간의', 1), ('과정', 1), ('곳간', 1), ('양지', 1), ('백주', 1), ('강원도', 1), ('양양군', 1), ('강현면', 1), ('부드럽', 1), ('고소', 1), ('막걸리', 1), ('양지역', 1), ('양주', 1)]"
99,99,감사 블루,"깔끔한 우리의 맑은 술
경기미와 누룩, 물만으로 전통방식에 따라 정성들여 빚고, 끈적이지 않는 향기로움으로 감사한 마음을 전할 수 있는 프리미엄 약주입니다.",,"[('깔끔', 1), ('맑', 1), ('경기', 1), ('미와', 1), ('누룩', 1), ('프리미엄', 1)]"
100,100,복단지,"깔끔한 복분자전통주
여주의 쌀로 우리술을 만드는 곳으로 신주단지 모시듯 준비한
복분자주 “복단지"" 마치 복분자 열매를 갓 딴듯한 싱그러움과
부드러운맛이 인상적입니 다.

와인처럼 와인잔에 담아 마시는 복분자주 전통주로
여자여자한 레이블 감성도 좋고, 마치 복분자 열매를 갓
딴듯한 싱그러움이 인상적입니다.",,"[('분자', 3), ('전통주', 2), ('단지', 2), ('복분자주', 2), ('싱그럽', 2), ('와인', 2), ('깔끔', 1), ('여주', 1), ('신주', 1), ('부드럽', 1), ('여자여자', 1), ('한', 1), ('레이블', 1), ('감성', 1), ('좋', 1)]"
101,101,금정산성 막걸리,"금정산성 자연이 만든 특별한 가치
민속주 1호, 금정산성막걸리
금정산성막걸리는 술빚기에 적합한 온도와 습도가 유지되는 해발 400m의 청정 환경을 갖춘 금정산성마을에서 제조됩니다.
깨끗한 자연환경속에서 발효된 금정산성 유가네 누룩과 250m의 암반수를 사용하여 금정산성 전통 막걸리의 맛을 그대로 느낄 수 있는 알코도수 8도의 100% 국내산 살아있는 쌀막걸리로 누룩 질이 전국 으뜸이며 산수로 술을 빚기 때문에 은은한 향과 구수한 맛이 일품입니다.

제조 공정에서 전통 양조 방식을 그대로 따라 만든 발효주로 우리나라 많은 막걸리 중에서 유일하게 향토민속주로 지정되어 있는 대한민국 민속주 1호 막걸리입니다.",,"[('금정산성', 6), ('막걸리', 6), ('민속주', 3), ('누룩', 2), ('특별', 1), ('적합', 1), ('온도', 1), ('습도', 1), ('청정', 1), ('마을', 1), ('깨끗', 1), ('자연환경', 1), ('알코', 1), ('도의', 1), ('은은', 1), ('구수', 1), ('양조', 1), ('발효', 1), ('주', 1), ('우리나라', 1), ('많', 1), ('대한민국', 1)]"
102,102,참주가 솔 막걸리,"국내산 약재와 솔잎을 직접 손질하여 발효시킨 한국형 와인
은은한 솔향기와 기분좋은 산뜻함이 있는 한국적인 캐주얼한 술

냉장보관 후 웃국만 따라 드시면 스파클링한 와인의 맛을 느낄
수 있습니다. 생고기, 육회, 생선회와 잘 어울립니다.

높은 수준의 청결함을 요구하는 고온발효
막걸리 맛을 결정하는 요소는 여러 가지입니다. 많은 요소들 중에 소홀하기 쉬운게 “청결”입
니다. 제조과정이 청결하지 않으면 술맛에 악영향을 주는 미생물이 자라게 되고 원하지 않는
맛과 냄새를 유발합니다. 막걸리는 상큼한 과일향기가 나는 것이 정상입니다. 청결하게 공정
을 유지 관리 하는 것만으로 맛과 향기를 개선시길 수 있습니다.
어떤 온도로 발효 하느냐에 따라 효모의 서식환경이 달라집니다. 효모의 생리활동이 달라지
면 생성되는 물질이 달라지며 그에 따라 맛과 향이 틀려 집니다. 참주가는 고온발효 즉 30T
이상에서 발효를 합니다. 효모가 가장 편안해하는 온도지만 다른 곰팡이 균들과 세균들도 좋
아하는 온도라서 수준 높은 청결이 요구되는 발효법입니다. 수준높은 청결을 위해 많은 고민
을 하였고 설비와 공정을 제조정하여 안정화에 성공하였습니다.",,"[('발효', 4), ('높', 3), ('효모', 3), ('한국', 2), ('와인', 2), ('막걸리', 2), ('많', 2), ('온도', 2), ('은은', 1), ('좋', 1), ('산뜻', 1), ('스파크', 1), ('고기', 1), ('육회', 1), ('쉽', 1), ('니다', 1), ('미생물', 1), ('상큼', 1), ('참주', 1), ('지만', 1), ('곰팡이', 1), ('세균', 1), ('아하', 1)]"
103,103,기다림 25,"과실향이 풍부한 현대적인 감각의 탁주
화사한 과일풍의 향과 고급스러운 쌀의 향기가 융화된 향!
다른 탁주에서 맛보기 힘든 신 맛과 쌉싸래한 맛이 주를 이룬
드라이한 맛에 향이 더해져 단 맛의 밸런스를 잡아줍니다.",,"[('과실', 1), ('풍부', 1), ('화사', 1), ('힘들', 1), ('밸런스', 1)]"
104,104,밀담 24,"과거 우리 삶의 한 부분을 차지하던 추억 속의 단수수가 시간이 흘러
우리 술로 돌아왔습니다. '밀담은 청정지역 경북 예천에서 정성스레
재배한 국내산 토종 단수수 즙을 원료로 재배하여 빚은 단수수 증류주로
세 번의 증류를 거쳐 부드럽고 깔끔하며 첨가제 없이 순수한 단수수의
은은한 단향을 발현하고 있습니다. '밀담은 고구려어로 숫자 3을 뜻하
는 밀(密)과 술맛 좋을 담(醴)이 조합된| 말로 '세 번 증류하여 맛있는 술'
이라는 의미를 그대로 녹아내고 있습니다.이름 그대로 세 번 증류하여
맛있는 '밀담'이 여러분 앞으로 찾아갑니다.

경북 예전에서 생상된 고품질의 토종 단수수즙으로 증류한 국내산 럼,
기존의 수입산 사탕수수 또는 당밀 등의 부산물을 원료로 한 럼과는
달리 국내에서 농민들이 정성스레 재HH한 토종 단수수를 원료로
전문적인 당사의 공법을 통해 만든 국내산 증류주입니다.",,"[('단수', 5), ('밀', 3), ('경북', 2), ('증류주', 2), ('증류', 2), ('맛있', 2), ('한', 2), ('추억', 1), ('청정', 1), ('지역', 1), ('예천', 1), ('부드럽', 1), ('깔끔', 1), ('은은', 1), ('고구려어', 1), ('숫자', 1), ('좋', 1), ('이름', 1), ('여러분', 1), ('품질', 1), ('수수', 1), ('사탕수수', 1), ('당밀', 1), ('HH', 1), ('공법', 1)]"
105,105,백수환동주,"고문헌 [양주방, 1837년]에 기록된 술
'머리가 흰 늙은이가 도로 아이가 되는 술'이라 붙여진 이름
물이 첨가되지 않아 걸쭉하며 단맛이 강한 술",,"[('양', 1), ('주방', 1), ('1837년', 1), ('머리', 1), ('희', 1), ('걸쭉', 1), ('단맛', 1), ('강하', 1)]"
106,106,이화주,"고려시대부터  양반들이 즐겨마신 최고급 탁주
물이 첨가되지 않아 요거트같은 질감의 술 '떠먹는 막걸리'
새콤한 맛과 단맛이 잘 어우러짐",,"[('고려', 1), ('시대', 1), ('질감', 1), ('막걸리', 1), ('단맛', 1)]"
107,107,WON SOJU SPIRIT,"고도의 감압식 증류방식으로 탄생하여
산뜻하고 깔끔한 맛을 자랑하는 전통 증류식 소주",,"[('증류', 2), ('고도', 1), ('감압', 1), ('방식', 1), ('산뜻', 1), ('깔끔', 1), ('소주', 1)]"
108,108,용41,"겨울 밀의 부드러운 향기

강원도 봉천의 햅쌀로 만들어낸
맑고 부드러운 맛
보이지 않는 원재료에서부터 술맛은 정직하게 판가름되기에
양조장 인근에서 직접 구매한 홍천 햅쌀로만 빚어냅니다.
원료로 사용되는 대안미는 단백질 함량이 적어
술 발효 과정에서 산패7 卜 적고 부드럽고 은은한 단맛을 자랑합니다.",,"[('부드럽', 3), ('적', 2), ('강원도', 1), ('봉천', 1), ('맑', 1), ('홍', 1), ('천', 1), ('미', 1), ('단백질', 1), ('발효', 1), ('산패', 1), ('은은', 1), ('단맛', 1)]"
109,109,생막걸리 메밀,"강원도 여행 중 쉽게 접하였던 저희 막걸리는 탄산의 양을 최소화한 깔끔한 맛의 곤드레막걸리와 부드러운 맛의 메밀막걸리가 소비자분들의 전국적인 사랑을 받고 있습니다.
발효 제어기술을 적용하여 외부 공기를 차단(밀폐캡)하고, 효모의 활성화를 조절하여 오래도록 원료의 깊은 맛과 신선한 맛이 유지되는 맛있는 생막걸리입니다.
한번만 마셔보면 꼭 다시 찾게되는 소비자의 마음을 담는 깊은 한국의 맛을 느끼게 해 드리고픈 전통주를 빚는 것이 농업회사법인 정선명주(주)의 마음입니다",,"[('막걸리', 4), ('깊', 2), ('강원도', 1), ('쉽', 1), ('탄산', 1), ('깔끔', 1), ('곤', 1), ('부드럽', 1), ('메밀', 1), ('발효', 1), ('차단', 1), ('효모', 1), ('신선', 1), ('맛있', 1), ('한국', 1), ('전통주', 1), ('농업', 1), ('회사법', 1), ('정선', 1), ('명주', 1), ('주', 1)]"
110,110,생막걸리 곤드레,"강원도 여행 중 쉽게 접하였던 저희 막걸리는 탄산의 양을 최소화한 깔끔한 맛의 곤드레막걸리와 부드러운 맛의 메밀막걸리가 소비자분들의 전국적인 사랑을 받고 있습니다.
발효 제어기술을 적용하여 외부 공기를 차단(밀폐캡)하고, 효모의 활성화를 조절하여 오래도록 원료의 깊은 맛과 신선한 맛이 유지되는 맛있는 생막걸리입니다.
한번만 마셔보면 꼭 다시 찾게되는 소비자의 마음을 담는 깊은 한국의 맛을 느끼게 해 드리고픈 전통주를 빚는 것이 농업회사법인 정선명주(주)의 마음입니다",,"[('막걸리', 4), ('깊', 2), ('강원도', 1), ('쉽', 1), ('탄산', 1), ('깔끔', 1), ('곤', 1), ('부드럽', 1), ('메밀', 1), ('발효', 1), ('차단', 1), ('효모', 1), ('신선', 1), ('맛있', 1), ('한국', 1), ('전통주', 1), ('농업', 1), ('회사법', 1), ('정선', 1), ('명주', 1), ('주', 1)]"
111,111,알로이 그린,"가양주작에서 직접 증류하여 아로니아 열매와 함께 숙성시킨 소주류(리큐르)로 알로이 레드(40도), 블루(25도), 그린(18도)의 3가지 이름의 모델을 갖고 있습니다.
알로이에 사용된 증류주는 모두 가양주작에서 직접 담근 술을 증류한 술입니다. 아로니아 역시 군포시와 인근지역에서 재배된 열매를 사용하는 우리 지역의 술입니다.",,"[('아로니아', 2), ('로이', 2), ('열매', 1), ('주류', 1), ('리', 1), ('레드', 1), ('블루', 1), ('그린', 1), ('증류주', 1), ('증류', 1), ('한', 1), ('군포시', 1)]"
112,112,알로이 레드,"가양주작에서 직접 증류하여 아로니아 열매와 함께 숙성시킨 소주류(리큐르)로 알로이 레드(40도), 블루(25도), 그린(18도)의 3가지 이름의 모델을 갖고 있습니다.
알로이에 사용된 증류주는 모두 가양주작에서 직접 담근 술을 증류한 술입니다. 아로니아 역시 군포시와 인근지역에서 재배된 열매를 사용하는 우리 지역의 술입니다.",,"[('아로니아', 2), ('로이', 2), ('열매', 1), ('주류', 1), ('리', 1), ('레드', 1), ('블루', 1), ('그린', 1), ('증류주', 1), ('증류', 1), ('한', 1), ('군포시', 1)]"
113,113,알로이 블루,"가양주작에서 직접 증류하여 아로니아 열매와 함께 숙성시킨 소주류(리큐르)로 알로이 레드(40도), 블루(25도), 그린(18도)의 3가지 이름의 모델을 갖고 있습니다.
알로이에 사용된 증류주는 모두 가양주작에서 직접 담근 술을 증류한 술입니다. 아로니아 역시 군포시와 인근지역에서 재배된 열매를 사용하는 우리 지역의 술입니다.",,"[('아로니아', 2), ('로이', 2), ('열매', 1), ('주류', 1), ('리', 1), ('레드', 1), ('블루', 1), ('그린', 1), ('증류주', 1), ('증류', 1), ('한', 1), ('군포시', 1)]"
114,114,수암주,"가양주작 양조장에서 직접 빚은 약주입니다. '수암'은 수리산에서 두번째로 높은 봉우리의 이름입니다. 7일간 발효한 술덧을 사계절 5도로 유지되는 황토숙성실에서 3개월간 숙성시켜 맑게 뜬 술만 따로 덜어내어 여과시켜 담아냅니다.
50리터 술덧에서 고작 10리터 정도만 얻을 수 있는 귀한 술로, 숙성을 마친 약주는 여러가지 과일향이 나며 드라이한 맛을 느낄 수 있습니다. 오랜 시간과 정성으로 빚은 수암주는 차례주와 선물용으로 추천합니다.",,"[('수암', 2), ('숙성', 2), ('리터', 2), ('양', 1), ('주작', 1), ('수리산', 1), ('높', 1), ('도로', 1), ('황토', 1), ('맑', 1), ('귀하', 1), ('주', 1)]"
115,115,수리산,"가양주작 양조장에서 직접 만든 전통주로, 인근 지역의 쌀과 약간의 효소와 효모, 우리밀 누룩만으로 빚어냅니다. 7일간 발효하고 손으로 짜낸 술에 절반의 물만 가수하고 일체의 첨가물을 넣지 않아도 진하고 풍부한 맛을 냅니다. 과당이나 구연산 등 첨가제를 쓰지 않고, 합성감미료도 들어있지 않은 가양주작의 수리산 막걸리로 우리 술의 멋과 맛을 느끼실 수 있습니다. 취향에 따라 유자청이나 포도즙을 섞어 달고 상큼한 전통주 칵테일로 즐기셔도 좋습니다.",,"[('전통주', 2), ('양', 1), ('주작', 1), ('효소', 1), ('효모', 1), ('누룩', 1), ('진하', 1), ('풍부', 1), ('연산', 1), ('감미료', 1), ('작의', 1), ('수리산', 1), ('막걸리', 1), ('유자', 1), ('청', 1), ('포도', 1), ('상큼', 1), ('칵테일', 1), ('좋', 1)]"
116,116,천비향 생주,9개월 이상의 발효와 저온숙성을 거쳐 만든 프리미엄 오양주 탁주,,"[('발효', 1), ('온', 1), ('숙성', 1), ('프리미엄', 1), ('양주', 1)]"
117,117,택이,6개월 이상의 발효와 저온숙성을 거쳐 만든 삼양주 탁주,,"[('발효', 1), ('온', 1), ('숙성', 1), ('양주', 1)]"
118,118,문배술40,"40도 문배주는 직관적인 달달한 향이 주를 이룬다.
배, 사과 그리고 과실 꽃 향기다. 그 뒤를 은은히
받치는 향은 카르다몸, 정향, 팔각과 같은 향신료
뉘앙스다.
한 모금 들이기면 강한 알골 기운과 함끼1 강한 기운이
느껴진다. 뜨거운 생강맛과 구수하고 담백한 수수향이다
이런 향 덕분에 팔각과 같은 향신료를 주로 쓰는
중국 음식, 특히 냉채류와 합이 맞는다.
문배주의 출신에 맞게 북한 음식과는 끈끈한 애착
관계에 있다. 자갑게 식힌 제육, 매콤한 홍이무침,
대상 순대가 그 예다. 넓게 보면 보통 재료 하나의
맛을 살린 요리보다 복합적인 재료와 향을 쓴 요리가
이울련다.",,"[('문배주', 2), ('팔각', 2), ('같', 2), ('향신료', 2), ('강하', 2), ('재료', 2), ('40', 1), ('직관', 1), ('사과', 1), ('과실', 1), ('카르', 1), ('정향', 1), ('알골', 1), ('뜨겁', 1), ('생강', 1), ('구수', 1), ('담백', 1), ('수수', 1), ('중국', 1), ('북한', 1), ('끈끈', 1), ('애착', 1), ('매콤', 1), ('한', 1), ('홍이', 1), ('순대', 1), ('넓', 1)]"
119,119,대담15,"3번 빚은, 90일 숙성, 대잎첨가

대밭고을의 전투주 약주는 윗 맑은 술을 담은 전투제조방식으로 빚습니다.
별도의 인공첨가월아스파마)없이 우리 국산 쌀, 전통누특 물 대잎으로만
3번 빚고 자연에 말간 90일간의 자연숙성으로 맛과 향의 깊이를 더했습니다.
마지막 숙성과정에서 다나무잎을 첨가하여 향을 입혀 청주를 빚습니다.
다나무잎에는 플라보노이드 성분이 많이 합유되어 있어 합산화, 합노화 및 합균 활성 작용을 합니다.
그렇기에 대발고을의 전통주 청주는 복합적인 햡과 풍미가 다채로우며
마지막 목넘김까지 고유의 향미를 느낄 수 있는 프리미엄 청주입니다.",,"[('숙성', 3), ('청주', 3), ('전투', 2), ('주', 1), ('맑', 1), ('인공', 1), ('아스', 1), ('파마', 1), ('누', 1), ('간의', 1), ('과정', 1), ('라보', 1), ('노', 1), ('이드', 1), ('합유', 1), ('노화', 1), ('그렇', 1), ('전통주', 1), ('다채', 1), ('고유', 1), ('미', 1), ('프리미엄', 1)]"
120,120,대잎 품은 막걸리,"3번 빚고 90일을 기다린 12도 프리미엄 막걸리

아스파탐 무첨가
막걸리의 단맛을 내는 인공감미료(아스파탐)을 쓰지 않습니다.

3번 빚은
우리 쌀, 전통누룩, 대잎, 물로만 3번을 빚습니다

90일 숙성
자연에 맡긴 90일간 맛과 향의 깊이가 더해갑니다

대잎 첨가
대나무 잎에는 플라보노이드 성분이 많이 함유되어 있어 항산화, 항노화 및 향군 활성 작용을 합니다.",,"[('막걸리', 2), ('아스파탐', 2), ('12', 1), ('프리미엄', 1), ('단맛', 1), ('인공', 1), ('감미료', 1), ('누룩', 1), ('숙성', 1), ('대나무', 1), ('라보', 1), ('노', 1), ('이드', 1), ('항산', 1), ('노화', 1)]"
121,121,문배술23,"23/25도 문배술은 씬스딜러시럼 맛깔LI게 주인을
뒷받침해주는 조인이다. 알콜 도수가 상대적으로
낮아 문배술 40과 같은 단맛은 두드러지지 않는다.
과실보다는 꽃에 가깝게 은은하며 수수의 담백하고
구수한 향이 느끼시지만 지배적이지는 않다.
23/25도 문배술는 어울릴 수 있는 음식의 폭이 넓다.
중식보다 향이 덜한 일식도 좋은 선택지다.
담백한 흰살 생선류는 기본, 기름기가 도는 방이나
참치 뱃살, 그리고 미네랄 풍미가 도는 굴, 새조개,
홍어도 문배술과 잘 어울린다.
젓갈을 많이 쓰는 남도 음식과도 궁합이 좋다.
향이 맑다보니 철분기가 느끼지는 소고기보다는
곡물 뉘양스의 단맛이 도는 돼지고기가 더 맞다.",,"[('문배술', 4), ('25', 2), ('단맛', 2), ('담백', 2), ('좋', 2), ('맛깔', 1), ('LI', 1), ('조인', 1), ('낮', 1), ('같', 1), ('과실', 1), ('가깝', 1), ('은은', 1), ('수수', 1), ('구수', 1), ('넓', 1), ('중식', 1), ('덜하', 1), ('일식', 1), ('희', 1), ('조개', 1), ('홍어', 1), ('젓갈', 1), ('남', 1), ('궁합', 1), ('맑', 1), ('분기', 1), ('곡물', 1), ('돼지고기', 1)]"
122,122,N와인 샤인,"2022년 12월 22일 농촌산업발전에 이바지하여 대통령 표창을 받았습니다. 더욱 노력하라는 용원을 받아 2023년 새로이 큰애가
사지은 사인머스켓으로 만드는 N와인 사인을 판매 시작했습니다.",,"[('12월 22일', 1), ('농촌', 1), ('산업', 1), ('발전', 1), ('표창', 1), ('사지', 1), ('와인', 1)]"
123,123,십칠주,"17주 동안 발효, 숙성하여 빚은 탁주
삼양주로 높은 알코올 도수에 비해 부드러운 목넘김
가양주 고유의 맛과 풍미를 느낄 수 있는 술",,"[('발효', 1), ('양주로', 1), ('높', 1), ('알코올', 1), ('부드럽', 1), ('고유', 1)]"
124,124,한산소곡주,"1500년의 역사, 백제의 향기가 담긴 명주
고려 말 목은 이색선생의 고향 한산에서 빚어온 1500년의 명주
한산소곡주입니다. 백제황실의 전통을 간직한 한산소곡주는
찹쌀과 누룩을 주원료로 100일간 저온 발효된 전통주로 술맛이
좋아 자기도 모르는 사이에 취기가 극에 이르러 자리에서
일어나지 못하였다하여 '앉은뱅이 술'이란 별칭도 가지고 있습니다.

한산소곡주는 고문서에 등장하는 우리술 중 가장 오래된 것으로
조선시대 문현에서도 삼해주, 과하주와 함께 가장 많이 거론되는
술입니다. 백제 열망 당시 백제 유민들이 나라 잃은 한을 달래기 위해
한산 건지산 주류성에서 하얀소복을 입고 빚었다 하여 소곡주라 불리게
되었다고 합니다.",,"[('백제', 4), ('한산소곡주', 3), ('1500년', 2), ('명주', 2), ('한산', 2), ('고려', 1), ('이색', 1), ('선생', 1), ('찹쌀', 1), ('누룩', 1), ('전통주', 1), ('좋', 1), ('취기', 1), ('이란', 1), ('조선', 1), ('시대', 1), ('문', 1), ('현', 1), ('삼해주', 1), ('열망', 1), ('유민', 1), ('건지산', 1), ('주류성', 1), ('하얗', 1), ('소복', 1), ('소곡', 1)]"
125,125,홀리엠,"12%로 희석해 가볍게 즐기는 달콤하고 시원한 오미자 하이볼

파티를 즐71고 탄산을 사랑하는 분들에게 꼭 필요한 하이볼 원액
향과 당도가 탁월한 빨갛고 건강한 오미자만 사용하여
더욱 깊은 맛을 내는 하01볼 리큐르 홀리엠은
오미자의 향기와 달콤한 맛이 매력적인 리큐르입니다.",,"[('오미자', 3), ('달콤', 2), ('하이', 2), ('리', 2), ('가볍', 1), ('시원', 1), ('탄산', 1), ('탁월', 1), ('빨갛', 1), ('깊', 1)]"
126,126,귤로만,"100% 제주산 감글로 만든
전통 발호주 글로만!
쌀이나 보리 같은 곡물이 혼합된| 술이 아니라
감귤 본연이 재료 성분을 그대로 살려
1000% 제주산 감귤 과즙 및 원액만을 발효시켜 빚은 술로
재료 고유의 성분을 최대한 발휘하기 위해 침전 방식으로 술을 빚었습니다.

청정 제주의 부은 불과 신선한 aæ,
효모가 빚어낸 제주 특산 간프술
새콤, 달리 짬짜름한 세가지 맛이 느刀4지는
맛을 한층 더 업그레이드 시켰습니다!

귤로만은 과실주라 어[더한 음식하고도
살 어울리지만 상큼한 맛이 있어
기름지권 느끼한 음식하고도 잘 어울립니다.
귤로만의 새콤. 달리 쌉짜름한 세가지 맛을 더 잘 느끼사려면
시원하게 드시는것을 추전드리며
3~4자례 나눠서 음미 하시면 그맛을 더욱 느끼 실 수 있습니다.",,"[('로만', 3), ('주산', 2), ('재료', 2), ('제주', 2), ('느끼', 2), ('호주', 1), ('보리', 1), ('같', 1), ('곡물', 1), ('고유', 1), ('침전', 1), ('청정', 1), ('신선', 1), ('효모', 1), ('업그레이드', 1), ('과실주', 1), ('상큼', 1), ('기름', 1), ('지권', 1), ('시원', 1)]"
127,127,백화수복,"<오래 살면서 복을 누리라>는 뜻을 지닌 대한민국 대표 제례주
모든 세대가 함께 즐길 수 있는 우리 술",,"[('오래', 1), ('대한민국', 1), ('주', 1)]"
128,128,옥주 옥수수 막걸리,"#진짜 #옥수수 #아이스크림
옥수수 막걸리?
100% 우리찹쌀과 옥수수의 만남
옥수 주조만의 기술로
옥수수 본연의 맛을 살렸습니다.
진정한 옥수수 탁주를 소개합니다.

2nd OKJU
기존의 틀을 깨트려
새로운 도전을 시작합니다.",,"[('옥수수', 5), ('아이스크림', 1), ('막걸리', 1), ('우리', 1), ('찹쌀', 1), ('만남', 1), ('옥수', 1), ('주조', 1), ('진정', 1), ('새롭', 1)]"
129,129,옥주 새콤 찹쌀 막걸리,"#요구르트 #자두풍미 #새콤

새콤 찹쌀 막걸리?
100% 우리 찹쌀로 빚은 생 막걸리
옥수 주조만의 기술로 인공 감미료 없이
요구르트처럼 부담되지 않는 새콤달콤한 맛을 살렸습니다.

3rd OKJU
부담되지 않도록
익숙한 맛을 구현합니다.",,"[('요구르트', 2), ('찹쌀', 2), ('막걸리', 2), ('자두', 1), ('옥수', 1), ('주조', 1), ('인공', 1), ('감미료', 1), ('익숙', 1)]"
130,130,원기옥,"#옥주프리미엄 #곡물향 #원기옥

우리는 쌀에서 기운을 얻었다.
찹쌀 100% 옥주의 원기를 담았습니다
쌀 향과 맛 기운이 가득 담긴
고급 탁주 '원기옥'을 소개합니다

4th OKJU
막걸리를 마셨는데
왜 인지 기운이 넘친다.",,"[('옥', 4), ('원기', 3), ('주', 1), ('프리미엄', 1), ('곡물', 1), ('찹쌀', 1), ('주의', 1), ('막걸리', 1), ('인지', 1)]"
131,131,옥주 찹쌀 막걸리,"#부드러운 #참외풍미 #달콤

찹쌀 막걸리?
100% 우리 찹쌀로 빚은 생 막걸리
옥수 주조만의 기술로 인공 감미료 없이 찹쌀 본연의 단맛을 담았습니다.
부드러운 목 넘김을 선사합니다.

1st OKJU
친밀한 관계를 맺기 위한
첫 시작의 설렘을 기념합니다.",,"[('찹쌀', 3), ('부드럽', 2), ('막걸리', 2), ('참외', 1), ('달콤', 1), ('옥수', 1), ('주조', 1), ('인공', 1), ('감미료', 1), ('단맛', 1)]"
132,132,회곡 안동소주 22,"* '회곡안동소주'는 100% 우리 쌀과 전통 누룩으로 빚은 술을 증류한 고도주로서 뒷맛이 깔끔한 전통적인 증류식 소주입니다.
* 특히, '회곡안동소주'는 누룩의 향이 강하지 않고 부드럽고 묵직한 목 넘김으로 젊은 애주가들의 입맛에 맞는 전통주입니다.",,"[('안동소주', 2), ('누룩', 2), ('증류', 2), ('한', 1), ('고도', 1), ('주', 1), ('깔끔', 1), ('강하', 1), ('부드럽', 1), ('묵직', 1), ('젊', 1), ('전통주', 1)]"
133,133,회곡 안동소주 32,"* '회곡안동소주'는 100% 우리 쌀과 전통 누룩으로 빚은 술을 증류한 고도주로서 뒷맛이 깔끔한 전통적인 증류식 소주입니다.
* 특히, '회곡안동소주'는 누룩의 향이 강하지 않고 부드럽고 묵직한 목 넘김으로 젊은 애주가들의 입맛에 맞는 전통주입니다.",,"[('안동소주', 2), ('누룩', 2), ('증류', 2), ('한', 1), ('고도', 1), ('주', 1), ('깔끔', 1), ('강하', 1), ('부드럽', 1), ('묵직', 1), ('젊', 1), ('전통주', 1)]"
134,134,회곡 안동소주 42,"* '회곡안동소주'는 100% 우리 쌀과 전통 누룩으로 빚은 술을 증류한 고도주로서 뒷맛이 깔끔한 전통적인 증류식 소주입니다.
* 특히, '회곡안동소주'는 누룩의 향이 강하지 않고 부드럽고 묵직한 목 넘김으로 젊은 애주가들의 입맛에 맞는 전통주입니다.",,"[('안동소주', 2), ('누룩', 2), ('증류', 2), ('한', 1), ('고도', 1), ('주', 1), ('깔끔', 1), ('강하', 1), ('부드럽', 1), ('묵직', 1), ('젊', 1), ('전통주', 1)]"
135,135,회곡 생막걸리,"* '회곡생막걸리'는 100% 쌀로만 제조하며, 6도의 저도주로서 달지 않고 편하게 드실 수 있습니다.
* 저온에서 완전히 숙성하여 숙취나 트림이 없는 것이 장점입니다.
* 3대의 전통을 이어온 100년 고유의 맛을 유지하여 옛 맛 그대로를 느낄 수 있습니다.",,"[('막걸리', 1), ('도의', 1), ('저도', 1), ('주', 1), ('편하', 1), ('온', 1), ('숙취', 1), ('트림', 1), ('없', 1), ('고유', 1)]"
136,136,회곡 생동동주,"* '회곡생동동주'는 100% 쌀로만 제조하며, 6도의 저도주로서 달지 않고 편하게 드실 수 있습니다.
* 저온에서 완전히 숙성하여 숙취나 트림이 없는 것이 장점입니다.
* 3대의 전통을 이어온 100년 고유의 맛을 유지하여 옛 맛 그대로를 느낄 수 있습니다.",,"[('동동주', 1), ('도의', 1), ('저도', 1), ('주', 1), ('편하', 1), ('온', 1), ('숙취', 1), ('트림', 1), ('없', 1), ('고유', 1)]"
137,137,안동 국화주 22,"* '안동국화주'는 '회곡안동소주'에 안동 국화꽃을 침출하여 향긋한 국화 향이 돋보이는 전통주 입니다.
* 증류식 소주 특유의 맛을 잃지 않으면서 은은한 국화의 향과 성분이 녹아들어 부드럽고 산뜻한 목넘김을 전해줍니다.
* '안동국화주'를 통해 새로운 전통주의 참맛을 느낄 수 있습니다.",,"[('국화', 4), ('안동', 3), ('주', 2), ('안동소주', 1), ('향긋', 1), ('전통주', 1), ('증류', 1), ('소주', 1), ('은은', 1), ('부드럽', 1), ('산뜻', 1), ('새롭', 1), ('전통주의', 1)]"
138,138,안동 국화주 32,"* '안동국화주'는 '회곡안동소주'에 안동 국화꽃을 침출하여 향긋한 국화 향이 돋보이는 전통주 입니다.
* 증류식 소주 특유의 맛을 잃지 않으면서 은은한 국화의 향과 성분이 녹아들어 부드럽고 산뜻한 목넘김을 전해줍니다.
* '안동국화주'를 통해 새로운 전통주의 참맛을 느낄 수 있습니다.",,"[('국화', 4), ('안동', 3), ('주', 2), ('안동소주', 1), ('향긋', 1), ('전통주', 1), ('증류', 1), ('소주', 1), ('은은', 1), ('부드럽', 1), ('산뜻', 1), ('새롭', 1), ('전통주의', 1)]"
139,139,안동 국화주 42,"* '안동국화주'는 '회곡안동소주'에 안동 국화꽃을 침출하여 향긋한 국화 향이 돋보이는 전통주 입니다.
* 증류식 소주 특유의 맛을 잃지 않으면서 은은한 국화의 향과 성분이 녹아들어 부드럽고 산뜻한 목넘김을 전해줍니다.
* '안동국화주'를 통해 새로운 전통주의 참맛을 느낄 수 있습니다.",,"[('국화', 4), ('안동', 3), ('주', 2), ('안동소주', 1), ('향긋', 1), ('전통주', 1), ('증류', 1), ('소주', 1), ('은은', 1), ('부드럽', 1), ('산뜻', 1), ('새롭', 1), ('전통주의', 1)]"
140,140,청명주 14.5%,"""청명(淸明)은 24절기의 하나로 동지 후 105일 째,
춘분에서 15일 째,
음력 3월이며 양력으로는 4월 5일 또는 6일 무렵에 해당한다.
청명주는 청명절(淸明節)에 담그는 술이다.
大주(春酒)라고도 한다.

청명주는
인공감미료가 전혀 없이
100% 국내산 찹쌀과
누룩만을 사용하여
전통방식으로 빚습니다.

청명주는 저온에서
오랜 기간 발효 숙성시켜
과일향이 풍부하고
산미가 좋으며 숙취가
없는 것이 특징입니다.

청명주는 차갑게 드시면
더욱 향긋한 맛을
느낄 수 있습니다.
식전주, 담백한 해산물
요리, 봉골레파스타,
알리오올리오 파스타 등
다양한 음식과
페어링 하기 좋습니다.""",,"[('청명', 5), ('주', 5), ('좋', 2), ('파스타', 2), ('절기', 1), ('하나로', 1), ('동지', 1), ('춘분', 1), ('음력 3월', 1), ('양력', 1), ('4월 5일', 1), ('청', 1), ('명절', 1), ('인공', 1), ('감미료', 1), ('찹쌀', 1), ('누룩', 1), ('온', 1), ('발효', 1), ('풍부', 1), ('숙취', 1), ('없', 1), ('차갑', 1), ('향긋', 1), ('전주', 1), ('담백', 1), ('해산물', 1), ('요리', 1), ('봉고', 1), ('레', 1), ('리오', 1), ('다양', 1), ('페어', 1)]"
141,141,느린마을 막걸리,"“어떻게 하면 제대로 된 막걸리를
가장 신선하게 제공할 수 있을까?”
느린마을막걸리는 이런 당연한 고민에서 시작되었습니다.
막걸리라고 이름붙었다고 해서 다 같은 막걸리가 아닙니다.
'막걸리'는 지금 막, 걸러내어 신선하다는 의미도 담겨있기 때문입니다.

느린마을 막걸리는 장기보관을 위해서, 또는 단맛을 높이거나 원가를 줄이기 위해서 대충 빚어 만드는,
그런 막걸리가 아닙니다.

느린마을 막걸리는 일체의 인공감미료 없이, 엄선된 원료와 최적의 발효과정을 거쳐 빚어낸 프리미엄 수제 생 막걸리 입니다.

배상면주가의 오랜 연구개발과 제조 노하우로 빚어낸 부드러운 단맛과 목넘김, 효모가 만들어내는 풍성한 과실향과 산미가 잘 조화되어 있습니다.

또한 계절이 변하듯 시간의 흐름에 따라, 살아있는 효모가 만들어내는 다채로운 맛의 사계를 느낄 수 있습니다.

그렇기 때문에, 느린마을막걸리는 맛을 아시는 분들이 꾸준히 다시 찾아주시고 주변에 권해주시는, 입소문 제대로 난 막걸리입니다.

시간이 지남에 따라 다양한 맛을 선사하는
느린마을 막걸리의 4계절
봄 (1~4일차)
신선, 달콤, 가벼운 탄산감
여름 (5~10일차)
상큼하고 경쾌한 풍부한 탄산미
가을 (11~16일차)
잘익은, 담백, 부드러운 신맛
겨울 (17일차 부터)
알싸하고 완숙한 술꾼들의 막걸리",,"[('막걸리', 13), ('느리', 5), ('마을', 5), ('신선', 3), ('단맛', 2), ('부드럽', 2), ('효모', 2), ('탄산', 2), ('어떻', 1), ('당연', 1), ('라고', 1), ('같', 1), ('인공', 1), ('감미료', 1), ('발효', 1), ('프리미엄', 1), ('배상면', 1), ('주가', 1), ('연구개발', 1), ('노하우', 1), ('풍성', 1), ('과실', 1), ('다채', 1), ('사계', 1), ('그렇', 1), ('아시', 1), ('해주시', 1), ('소문', 1), ('다양', 1), ('계절', 1), ('달콤', 1), ('가볍', 1), ('상큼', 1), ('경쾌', 1), ('풍부', 1), ('미', 1), ('담백', 1)]"
142,142,려 40,"“ 좋은 지역 재료만의 개성과
우리술에 대한 전통성을 조화롭게 담아
다양한 술 문화를 만들어 갑니다.""
좋은 증류수는 원재료의 특성을 살 담고,
지역과 기술에 기반한 차별성과 다양한 맛의 개성을 지녀야 합니다.
증류소주 려儷=
기존 쌀소주 중심의 증류소주와 달리
지역 특성이 살 드러나는 재료를 사용해 좋은 제법, 여주 자연 속에서의 숙성으로
증류소수의 다양성을 추구하고 선택의 깊이와 품격을 더하고자 합니다",,"[('좋', 3), ('증류', 3), ('소주', 3), ('다양', 2), ('재료', 1), ('증류수', 1), ('여주', 1), ('숙성', 1), ('소수', 1), ('다양성', 1)]"
143,143,매화수,"‘저온 냉동 여과공법’을 사용해 부드럽고 깨끗한 맛!
매실의 풍미와 달콤함을 부담없이 즐길 수 있는 12도의 도수와 매화꽃을
매력적이고 트렌디하게 표현한 디자인으로 언제 어디서든 부담없이 달콤하게 즐길 수 있습니다.

매화수의 달콤한 매실이야기
매실이 가진 각종 비타민은 혈액순환과 탱탱한 피부를 만들어줍니다.
또한 해독기능의 피루부산 성분으로 간을 생각하고, 알칼리성 매실은
약알칼리성으로 체질 개선효과가 있습니다.
매실의 구연산, 사과산 등 유기산이 포함된 청매는 피로를 말끔하게 풀어줍니다.
고품질 청매실로 숙성, 냉동 여과
매화수는 고품질 청매실로 숙성한 매실원액을 저온 냉동 여과시켜 만든
제품으로 맛이 깔끔하고 부드럽습니다.
은은한 매실향을 음미할 수 있으며, 음용시 부담이 없어 술이 약한 여성이나
저도주를 선호하는 남성에게도 잘 어울립니다.",,"[('달콤', 3), ('청매', 3), ('여과', 2), ('부드럽', 2), ('매화수', 2), ('품질', 2), ('숙성', 2), ('공법', 1), ('깨끗', 1), ('도의', 1), ('트렌디', 1), ('디자인', 1), ('비타민', 1), ('혈액', 1), ('순환', 1), ('해독', 1), ('부산', 1), ('알칼리', 1), ('연산', 1), ('유기산', 1), ('말끔', 1), ('한', 1), ('깔끔', 1), ('은은', 1), ('없', 1), ('약하', 1), ('저도', 1)]"
144,144,15년 숙성 매취순,‘매취순’은 국내 최대 매실농원인 전남 해남 ‘보해매실농원’에서 직접 수확한 국산 청매실로만 담근 프리미엄 매실주 입니다. 남도의 해풍을 맞고 알차게 자란 매실만을 사용해 아름다운 황금빛에 풍부하고 진한 향을 자랑합니다. 매취순은 5년이라는 숙성의 시간을 거쳐 탄생합니다. 또한 더욱 깊은 맛을 원하는 소비자를 위해 10년·12년·15년 숙성 매취순을 선보이고 있습니다.,,"[('숙성', 2), ('전남', 1), ('해남', 1), ('보해', 1), ('청매', 1), ('실', 1), ('로만', 1), ('프리미엄', 1), ('매실주', 1), ('알차', 1), ('자란', 1), ('아름답', 1), ('풍부', 1), ('진한', 1), ('깊', 1), ('10년', 1), ('12년', 1), ('15년', 1)]"
145,145,대윤 가야곡 왕주," '대윤가야곡주조'는 오랜 전통의 '가야곡왕주'가 '대윤가야곡주조'로 새출발을 하며 현대적 감성을 가진 진화하는 전통주 상품개발의 일환으로 선보인 제품이다. 엄선된 우리 쌀과 충남 논산의 깨끗한 물로 정성껏 빚었다. 야생 국화, 구기자로 정성껏 빚어낸 약주에 물엿과 사과 엑기스로 풍미를 더했습니다. 현대인의 식생활 패턴을 반영하여 아스파탐과 같은 인공감미료를 전혀 사용하지 않고 물엿과 사과 엑기스를 사용하여 타사 제품 대비 낮은 당도와 깔끔한 맛은 물론 숙취까지 적은 고급 약주이다.

1. 궁중술 '왕주'의 영광을 다시 한번 재현하다.
예로부터 충남 논산의 가야곡면은 오염되지 않은 깨끗한 공기와 물이 있는 곳으로 조선시대 왕후가문에 진상하기도 했던 전통있는 명품주인 왕주가 유명한 곳이다. 청정지역 가야곡의 지하 150m 천연 암반수와 국내산쌀을 사용하여 마실 수록 깜끔함을 느낄 수 있다. 엄선된 재료와 정성으로 빚어 감칠맛과 은은한 향취가 술에서 배어난다. 

2. 역사와 전통이 있는 가야곡왕주에서 선보인 약주
'대윤가야곡주조'의 전신인 '가야곡왕주'는 조선시대 왕실에 진상하였던 명술을 제조하는 오래 전통과 역사를 지니고 있는 술도가이다. 가야곡왕주는 고유의 전통으로 인정받아 유네스코 세계문화유산으로 등록됐으며, 국가지정 무형문화재 제57 종묘대제에 제주로 지정되어 매년 제례의식에 사용하고 있기도 하다. 그런 술빚기에 정통한 역량으로 새롭게 선보인 약주 '예화'는 예를 다해 꽃을 피운다는 의미를 담고 있는 브랜드명처럼 '가야곡왕주'의 옛 영광을 다시금 재현한다는 의미를 담고 있다.

대윤가야곡왕주 맛과 어울리는 음식

맑은 담황색의 술이다. 푹 익은 곡물에서 나오는 조청향이 있다. 단맛과 신맛의 조화가 잘 갖춰져 있고 술맛이 튀지 않는다. 목넘김이 깔끔하고 알코올에 의한 맛이 식도를 자극시킨다. 술을 마시고 난 후에 술의 쓴맛이 기분 좋게 입 안을 자극시킨다. 쭈꾸미 볶음과 잘 어울린다.   ",,[]
146,146,가야의 魂,"    가야 양조장의 대표 막걸리

     인공 감미료, 첨가물을 넣지 않고 가야양조장의 발효, 숙성기술로 혼신을 다해 빚어 맛이 진하고 부드러우며

     천연 과일향이 나는 ​프리미엄 막걸리 입니다.",,"[('가야', 2), ('막걸리', 2), ('인공', 1), ('감미료', 1), ('양조', 1), ('장의', 1), ('발효', 1), ('숙성', 1), ('기술', 1), ('진하', 1), ('부드럽', 1), ('프리미엄', 1)]"
147,147,님그리다,"    가야 양조장의 기다림과 정성

     발효,, 오랜 숙성과정(평균 66일)을 거친 후  저온에서 다시 2차 숙성을 하여

기다림의 미학으로 탄생한 풍부한 맛과 향

     어머니께서 전해주신 농담금법으로 정성을 다해 더 싶고 걸죽하게 빚었습니다.",,"[('숙성', 2), ('가야', 1), ('발효', 1), ('과정', 1), ('평균', 1), ('온', 1), ('미학', 1), ('풍부', 1), ('해주시', 1), ('농담', 1)]"
